District,Year,Rainfall_mm,Temperature_C,Soil_N,Soil_P,Soil_K,Area_hectare,Yield_kg_per_hectare
Kolhapur,2017,797,23,51,26,30,7.2,298
Solapur,2019,830,34,34,48,43,5.3,316
Solapur,2020,598,31,38,40,40,7.6,268
Pune,2017,280,23,29,27,18,4.2,156
Pune,2022,749,26,48,34,18,7.1,285
Solapur,2021,841,28,54,25,29,6.9,309
Amravati,2017,759,32,54,41,43,5.5,329
Nagpur,2020,1032,28,53,38,33,7.6,364
Nagpur,2015,676,28,36,30,34,3.5,259
Nashik,2017,317,26,33,21,15,6.2,159
Aurangabad,2019,1024,24,42,50,32,7.4,358
Akola,2021,964,25,53,38,31,3.1,350
Nagpur,2020,928,29,44,33,16,7.2,306
Solapur,2019,430,32,47,29,43,6.3,241
Kolhapur,2017,521,26,53,24,35,6.6,254
Akola,2021,858,24,46,37,22,3.7,308
Solapur,2020,758,33,39,23,24,7.5,260
Akola,2015,299,32,48,28,17,5.5,194
Amravati,2019,704,31,41,26,22,3.4,256
Akola,2022,803,33,28,37,31,3.8,274
Aurangabad,2016,781,23,40,49,28,5.8,306
Amravati,2018,570,23,30,25,35,6.5,223
Solapur,2016,977,23,40,41,39,7.9,340
Amravati,2020,501,26,55,41,16,3.4,260
Akola,2018,738,31,27,36,25,3.2,254
Aurangabad,2021,550,33,36,42,25,5.0,245
Solapur,2016,750,23,31,36,40,4.6,277
Akola,2015,1023,34,51,23,39,3.5,343
Nashik,2022,843,33,28,47,39,5.3,303
Solapur,2018,839,28,38,46,23,3.8,304
Nashik,2020,399,29,51,30,19,5.4,222
Solapur,2022,802,28,55,44,44,4.7,344
Nashik,2022,1080,31,47,43,31,5.1,367
Amravati,2021,941,27,32,43,43,3.2,325
Pune,2015,274,26,32,21,19,5.2,153
Aurangabad,2022,788,25,29,23,39,5.6,261
Nagpur,2017,396,29,47,44,21,3.4,236
Nagpur,2017,316,24,46,32,31,5.8,212
Amravati,2015,325,28,37,40,42,4.2,218
Pune,2016,350,23,48,25,24,6.1,206
Pune,2020,324,29,37,40,24,3.3,202
Kolhapur,2022,383,28,26,39,44,4.7,209
Pune,2019,886,33,30,35,26,7.8,285
Solapur,2022,810,26,52,47,38,4.3,339
Solapur,2020,796,29,32,30,29,5.3,268
Pune,2019,1057,29,26,21,16,7.0,280
Kolhapur,2017,391,33,28,30,43,6.3,201
Aurangabad,2018,998,33,50,22,26,8.0,323
Kolhapur,2018,820,29,41,43,16,7.8,296
Akola,2022,407,33,43,49,23,6.0,239
Pune,2016,1034,31,47,46,27,5.9,359
Amravati,2019,968,26,32,21,32,3.9,290
Akola,2022,705,32,51,26,29,5.6,281
Kolhapur,2015,1082,23,36,36,41,3.6,346
Pune,2019,895,23,53,44,25,3.1,340
Nashik,2022,501,28,51,32,37,6.9,260
Aurangabad,2016,439,34,55,39,42,4.9,270
Pune,2019,264,33,25,38,39,7.9,180
Kolhapur,2019,764,33,46,23,23,7.2,273
Nashik,2015,1066,30,34,39,23,5.0,328
Kolhapur,2018,435,29,37,46,30,7.9,236
Solapur,2017,1045,29,33,36,33,3.9,327
Nashik,2017,504,26,50,40,43,5.5,275
Kolhapur,2015,291,29,42,23,34,6.2,190
Nagpur,2020,852,29,39,24,32,3.3,285
Nagpur,2016,410,25,50,37,18,7.3,231
Kolhapur,2016,762,28,45,33,21,6.5,283
Amravati,2021,1098,28,37,34,43,5.0,350
Nashik,2020,577,28,51,20,41,6.0,260
Nagpur,2021,335,33,53,45,36,3.5,251
Pune,2018,394,24,42,38,41,4.3,236
Amravati,2018,1013,25,26,34,30,5.8,303
Kolhapur,2017,250,31,50,25,40,7.7,206
Amravati,2020,927,33,52,45,24,6.8,345
Solapur,2015,662,34,29,25,42,6.9,244
Nashik,2019,364,29,30,43,19,7.5,196
Nashik,2018,277,25,43,50,30,6.9,224
Kolhapur,2020,1087,24,49,49,26,4.9,375
Akola,2017,745,26,47,39,36,5.6,305
Nagpur,2015,654,30,55,36,30,6.6,294
Nagpur,2018,918,34,39,29,41,3.2,312
Aurangabad,2021,934,27,29,45,22,7.8,303
Akola,2019,286,28,34,30,33,3.0,184
Nagpur,2017,1020,33,54,38,36,7.6,366
Akola,2016,515,28,53,44,15,8.0,263
Pune,2018,428,30,39,37,35,5.5,230
Kolhapur,2015,769,31,49,42,33,7.2,315
Kolhapur,2020,1032,34,47,50,16,7.0,354
Akola,2022,304,23,54,35,27,7.4,225
Nashik,2020,698,28,49,41,33,6.7,300
Aurangabad,2018,588,31,25,22,27,3.6,205
Akola,2019,493,25,48,22,30,3.5,232
Nashik,2017,953,25,29,30,35,7.7,297
Aurangabad,2022,814,26,25,30,35,4.4,265
Aurangabad,2022,284,31,40,21,20,3.5,170
Pune,2019,267,26,43,42,37,7.2,217
Solapur,2022,592,29,42,29,34,3.9,253
Solapur,2016,826,32,42,23,17,5.2,271
Nashik,2015,472,26,25,24,37,5.8,196
Akola,2017,374,26,37,27,38,6.9,205
Solapur,2021,864,33,34,27,38,7.1,288
Nagpur,2022,1029,26,44,33,20,5.7,328
Kolhapur,2022,628,31,51,30,17,5.6,262
Nagpur,2018,833,34,29,35,19,4.1,268
Solapur,2022,473,27,48,50,21,3.6,260
Aurangabad,2020,795,23,32,29,43,6.5,280
Aurangabad,2016,443,23,53,27,37,6.9,246
Kolhapur,2016,839,26,43,45,23,8.0,312
Akola,2015,676,32,52,35,43,4.9,302
Akola,2022,661,31,40,50,31,5.5,288
Pune,2022,808,23,54,22,45,4.9,313
Aurangabad,2020,734,34,38,32,31,6.3,273
Nashik,2015,351,27,28,48,45,7.5,221
Kolhapur,2022,552,23,30,39,18,3.1,224
Solapur,2018,835,33,51,50,24,7.9,333
Nagpur,2021,317,29,25,26,43,3.7,177
Aurangabad,2018,470,28,50,33,24,7.6,242
Pune,2016,1056,25,45,30,24,5.6,334
Aurangabad,2021,434,25,34,40,45,3.3,235
Amravati,2018,534,33,50,22,35,6.6,248
Amravati,2021,394,24,45,21,41,3.9,218
Akola,2016,370,24,42,47,18,3.3,224
Nashik,2015,634,24,50,42,36,5.4,295
Nagpur,2016,429,30,42,21,44,3.6,221
Solapur,2022,1098,27,28,46,27,6.8,336
Kolhapur,2016,521,32,35,30,28,4.0,223
Solapur,2015,809,29,41,44,44,5.6,320
Pune,2021,708,25,38,36,30,5.8,273
Amravati,2018,891,32,27,35,19,3.7,275
Pune,2017,987,29,54,42,31,7.1,361
Pune,2017,1093,28,48,29,43,4.2,362
Pune,2015,597,23,46,20,41,3.7,255
Solapur,2015,501,25,51,36,35,6.9,263
Akola,2017,273,26,55,47,27,4.9,238
Amravati,2020,731,32,40,28,16,3.9,257
Pune,2015,1060,31,53,23,33,6.5,348
Akola,2020,1049,33,46,34,15,5.3,332
Akola,2022,712,34,39,34,26,6.4,269
Nagpur,2020,845,33,53,21,43,3.8,315
Kolhapur,2020,816,31,52,48,22,4.2,327
Kolhapur,2015,546,29,30,23,44,6.6,224
Kolhapur,2018,1012,25,25,49,36,7.7,328
Amravati,2020,1025,31,39,48,39,7.3,357
Kolhapur,2019,308,24,31,43,43,6.7,210
Akola,2015,1001,30,47,36,40,4.9,351
Solapur,2019,668,29,30,37,32,6.7,254
Nashik,2019,510,26,25,48,36,6.9,236
Kolhapur,2015,828,24,36,39,41,5.8,305
Kolhapur,2015,988,29,40,45,38,4.8,347
Akola,2021,590,33,30,43,37,4.1,253
Aurangabad,2021,615,29,29,29,20,7.8,221
Kolhapur,2019,570,33,47,44,41,6.0,285
Nashik,2017,873,32,30,30,20,5.0,271
Amravati,2020,1028,23,26,31,26,3.5,298
Nagpur,2021,788,29,27,27,27,4.9,252
Aurangabad,2019,907,23,32,32,23,7.0,286
Nashik,2018,463,34,38,30,22,6.6,213
Akola,2019,380,30,28,26,40,6.2,191
Solapur,2022,405,28,36,24,19,4.2,188
Pune,2019,648,23,31,32,15,5.6,230
Nagpur,2020,422,31,46,28,30,5.4,224
Solapur,2021,367,31,29,39,17,7.9,188
Pune,2019,609,25,45,30,36,8.0,265
Kolhapur,2015,257,29,43,30,34,4.8,196
Amravati,2018,493,33,34,49,27,4.9,242
Amravati,2021,622,32,47,42,30,4.6,282
Solapur,2020,789,34,55,22,18,6.7,288
Pune,2018,960,28,55,32,34,7.0,347
Kolhapur,2020,944,34,44,24,24,5.6,304
Nashik,2020,746,23,39,50,23,6.9,295
Nagpur,2020,1084,23,49,21,33,6.6,342
Amravati,2017,989,23,52,25,23,6.2,327
Aurangabad,2019,709,33,49,38,20,3.1,287
Aurangabad,2019,294,28,31,26,35,3.6,176
Nashik,2019,577,26,34,37,28,4.2,242
Amravati,2020,858,33,49,28,43,4.6,320
Nagpur,2020,702,30,32,45,29,7.5,273
Kolhapur,2022,1083,34,34,36,37,4.5,339
Nashik,2022,1057,27,25,28,35,6.0,305
Nagpur,2020,759,34,31,26,32,5.3,257
Kolhapur,2021,341,32,35,36,15,3.1,188
Aurangabad,2017,865,31,53,29,20,5.3,309
Kolhapur,2015,454,33,55,21,44,4.1,249
Akola,2022,685,29,51,28,16,7.5,268
Nashik,2018,1080,27,32,37,17,5.3,319
Akola,2021,971,33,45,24,34,4.6,319
Kolhapur,2021,649,29,46,42,27,6.6,282
Kolhapur,2018,401,29,28,38,36,6.9,208
Nagpur,2020,906,30,46,25,28,3.8,306
Akola,2017,929,31,54,49,32,3.4,361
Amravati,2022,878,27,54,22,18,6.3,302
Nagpur,2022,952,30,43,46,32,7.1,341
Solapur,2020,876,29,52,30,34,3.6,323
Akola,2021,484,29,45,40,34,5.5,254
Kolhapur,2017,681,31,43,34,33,4.3,277
Akola,2015,881,25,44,33,23,7.3,304
Pune,2020,735,32,51,35,37,6.4,306
Solapur,2016,445,30,35,50,20,6.2,231
Solapur,2016,599,33,43,42,24,3.2,265
Kolhapur,2021,803,27,51,49,20,5.2,322
Amravati,2016,758,34,28,23,30,7.6,246
Amravati,2020,431,29,36,45,20,3.1,223
Solapur,2022,1039,30,31,43,42,6.3,340
Nagpur,2018,652,34,47,29,18,5.6,258
Aurangabad,2020,668,25,49,44,33,3.6,299
Pune,2017,467,23,44,32,20,6.6,226
Pune,2019,268,27,28,20,42,6.9,164
Nashik,2018,1088,28,40,48,30,6.7,362
Nagpur,2016,871,28,50,41,43,5.5,342
Solapur,2018,587,28,47,27,16,4.2,242
Akola,2021,816,32,36,28,22,3.8,270
Akola,2017,724,29,34,45,28,4.6,279
Akola,2017,461,33,50,44,43,3.5,273
Amravati,2016,657,31,55,50,17,7.9,302
Pune,2019,719,24,35,41,16,3.2,264
Solapur,2021,379,24,50,23,37,3.6,223
Solapur,2022,916,32,53,44,35,4.8,353
Solapur,2019,613,26,52,39,32,6.9,287
Akola,2017,595,33,54,29,41,4.6,281
Pune,2015,790,28,41,35,33,3.2,294
Solapur,2020,816,31,28,41,23,3.9,275
Nashik,2022,764,26,39,44,40,8.0,305
Nagpur,2022,1005,24,55,38,15,7.8,346
Aurangabad,2017,339,29,26,41,31,7.7,193
Akola,2019,783,23,27,28,19,3.8,245
Amravati,2022,916,28,31,28,32,5.3,288
Nagpur,2017,546,29,30,31,19,4.8,212
Aurangabad,2020,274,30,39,34,40,4.4,203
Kolhapur,2019,896,28,51,25,29,5.8,314
Akola,2020,885,29,48,28,33,5.9,314
Akola,2021,951,27,36,23,38,7.8,302
Akola,2020,388,28,25,38,28,6.9,193
Nashik,2015,465,33,33,20,24,7.4,192
Nashik,2018,900,23,33,41,17,5.5,294
Aurangabad,2017,560,27,49,22,15,7.4,233
Amravati,2021,868,27,28,28,44,5.5,285
Kolhapur,2018,1097,28,53,46,15,4.5,370
Nagpur,2020,757,31,35,38,24,5.8,274
Kolhapur,2015,323,30,39,31,22,6.9,191
Kolhapur,2021,777,24,52,32,35,7.0,309
Pune,2016,1002,29,46,37,35,3.9,346
Pune,2017,394,30,51,28,28,4.0,227
Aurangabad,2015,968,27,53,34,26,3.6,340
Amravati,2022,1036,29,48,26,40,7.9,345
Akola,2022,753,29,29,31,39,3.8,266
Solapur,2017,633,31,37,45,19,4.5,260
Nagpur,2020,640,32,25,31,28,6.4,228
Akola,2016,1005,28,25,50,24,5.6,317
Solapur,2021,842,27,37,25,35,3.5,284
Nagpur,2016,543,30,30,43,26,7.7,235
Solapur,2019,776,25,48,41,23,4.2,304
Nashik,2022,1062,23,25,50,18,6.5,322
Nashik,2018,301,25,44,20,27,4.2,185
Solapur,2022,587,24,25,44,30,5.2,239
Kolhapur,2019,645,30,55,38,15,5.9,281
Nagpur,2022,1050,30,46,40,43,5.7,366
Aurangabad,2022,570,33,34,50,21,4.1,252
Solapur,2016,774,32,25,38,18,4.7,253
Akola,2018,1048,25,35,34,43,5.1,337
Kolhapur,2020,831,23,33,42,28,4.1,292
Kolhapur,2020,312,29,55,36,16,7.7,219
Nashik,2018,283,27,44,29,16,6.0,185
Nashik,2016,827,25,37,41,38,4.4,307
Solapur,2017,692,27,37,29,30,4.5,258
Nagpur,2022,856,32,46,30,31,6.0,306
Nashik,2019,664,25,42,27,18,7.0,249
Amravati,2015,454,33,47,22,23,5.9,217
Amravati,2017,1054,31,48,23,27,4.3,332
Pune,2018,322,23,34,45,29,4.7,208
Kolhapur,2017,438,32,53,38,45,7.4,267
Solapur,2021,359,32,31,39,21,6.2,193
Amravati,2022,1039,33,50,30,29,6.0,345
Akola,2018,886,27,40,42,40,4.8,326
Akola,2022,570,27,32,36,37,6.9,243
Amravati,2017,560,30,50,34,45,7.2,278
Pune,2017,733,33,33,29,22,3.0,251
Amravati,2020,358,28,44,47,37,4.7,242
Nashik,2022,1075,31,43,21,40,3.8,336
Pune,2021,687,23,50,23,31,3.6,273
Nashik,2019,848,26,37,20,43,7.2,285
Aurangabad,2018,497,27,45,27,43,6.9,246
Nagpur,2020,1080,23,27,42,18,6.7,318
Amravati,2015,668,32,26,26,26,4.4,226
Aurangabad,2018,1094,24,29,40,30,5.3,332
Aurangabad,2018,542,31,43,40,16,4.9,245
Akola,2016,421,23,32,32,32,6.6,206
Solapur,2019,835,23,53,40,17,4.0,317
Solapur,2016,275,33,42,40,41,3.3,218
Aurangabad,2021,498,32,38,37,28,5.8,235
Nagpur,2019,444,28,34,21,34,5.1,201
Nagpur,2017,760,26,52,44,38,5.7,326
Akola,2017,858,29,41,29,16,6.6,283
Nashik,2015,864,33,31,43,26,6.3,294
Solapur,2015,265,31,52,37,31,3.2,221
Solapur,2022,412,24,49,26,20,7.0,216
Amravati,2022,440,34,27,28,40,6.1,203
Aurangabad,2021,516,27,55,24,35,3.6,256
Amravati,2015,317,30,33,37,24,7.1,189
Pune,2020,1077,34,55,27,36,7.5,363
Aurangabad,2018,643,32,43,43,21,4.6,272
Solapur,2017,491,27,37,22,23,4.2,206
Kolhapur,2016,889,33,49,31,19,6.4,308
Kolhapur,2019,480,24,49,28,35,6.9,245
Akola,2016,913,26,40,33,42,5.9,320
Kolhapur,2016,925,29,40,22,43,4.7,308
Solapur,2015,808,32,48,25,24,6.2,288
Pune,2018,771,30,29,33,43,3.4,275
Nashik,2020,578,34,53,34,40,6.2,283
Nashik,2019,378,25,48,34,18,4.6,218
Nashik,2019,307,26,53,23,36,6.8,215
Aurangabad,2018,647,30,27,33,37,4.6,244
Amravati,2019,558,30,28,47,45,5.2,257
Amravati,2016,487,29,28,46,30,7.0,229
Nashik,2016,320,30,25,22,28,5.2,158
Akola,2015,661,24,40,42,25,6.7,272
Nashik,2018,879,34,46,46,35,3.7,336
Solapur,2020,472,23,48,36,37,6.6,255
Amravati,2015,532,28,27,48,20,5.0,229
Amravati,2017,715,31,31,29,17,6.6,240
Nashik,2018,1067,32,29,35,22,3.9,313
Pune,2015,292,31,27,38,25,5.6,176
Amravati,2019,543,24,41,45,34,6.1,265
Nashik,2021,986,28,46,26,35,4.9,328
Aurangabad,2018,498,31,32,29,38,7.6,222
Solapur,2018,530,29,36,44,27,5.2,246
Nashik,2021,939,30,39,38,16,7.2,306
Aurangabad,2017,372,32,50,20,39,4.1,220
Aurangabad,2015,696,34,38,32,37,5.8,271
Aurangabad,2022,796,27,28,46,43,4.4,296
Solapur,2015,578,27,48,22,44,3.8,260
Solapur,2020,984,31,46,49,21,5.7,347
Nagpur,2018,1086,33,35,39,44,3.0,352
Pune,2020,972,32,28,46,23,4.5,310
Kolhapur,2017,1033,31,47,50,43,6.7,379
Solapur,2018,288,29,51,29,33,6.8,213
Solapur,2019,783,31,47,32,21,7.7,289
Aurangabad,2019,939,31,55,48,37,5.2,368
Akola,2020,314,27,52,35,42,6.1,236
Solapur,2021,509,33,42,50,35,7.2,268
Nagpur,2019,769,23,42,20,37,5.8,275
Solapur,2020,767,26,33,45,42,3.0,298
Amravati,2022,279,31,33,45,25,4.2,195
Aurangabad,2015,593,28,38,43,45,3.2,275
Akola,2015,454,26,30,41,16,7.6,207
Akola,2020,287,28,52,37,25,7.0,219
Kolhapur,2015,972,24,52,26,30,3.6,331
Aurangabad,2022,897,26,51,38,40,6.1,342
Nashik,2019,813,34,36,24,25,3.5,267
Solapur,2020,426,25,29,35,24,4.6,199
Nashik,2016,491,26,39,22,42,6.9,227
Amravati,2017,572,29,43,33,40,7.2,262
Pune,2022,756,26,38,26,45,7.4,281
Akola,2016,602,30,50,41,27,7.9,280
Solapur,2017,581,28,47,29,38,6.4,263
Nagpur,2020,925,28,34,32,20,3.8,290
Solapur,2020,285,32,50,40,15,5.6,210
Kolhapur,2022,257,31,46,49,37,5.1,230
Pune,2022,711,34,51,45,19,4.8,299
Kolhapur,2020,301,26,25,43,45,5.0,199
Nashik,2021,322,24,27,33,23,8.0,173
Nashik,2019,1085,24,35,22,36,6.5,321
Solapur,2021,366,26,36,29,30,7.3,198
Nagpur,2016,417,27,31,39,38,7.9,219
Aurangabad,2018,952,24,30,28,30,6.5,291
Pune,2019,1095,33,51,42,37,4.3,381
Nashik,2019,452,29,47,29,35,6.4,238
Nashik,2017,438,23,44,21,29,5.2,213
Kolhapur,2020,555,30,51,38,26,4.5,268
Aurangabad,2019,633,29,33,36,39,6.0,258
Amravati,2015,394,27,51,45,25,7.0,248
Solapur,2020,278,29,30,22,17,6.8,150
Nashik,2020,504,26,32,50,32,6.4,247
Nashik,2015,335,28,54,39,16,4.2,226
Amravati,2015,464,33,26,33,29,7.1,202
Aurangabad,2022,302,26,54,35,36,6.0,232
Nashik,2019,303,25,34,40,42,7.7,209
Kolhapur,2016,977,29,37,23,32,6.2,303
Akola,2021,272,29,44,35,37,3.9,210
Aurangabad,2016,836,34,32,32,25,7.7,275
Nashik,2020,694,33,45,43,22,5.1,285
Nashik,2018,904,30,37,48,29,6.8,322
Akola,2019,336,24,42,47,35,7.1,233
Nagpur,2022,1057,24,27,34,38,3.3,320
Amravati,2017,958,29,44,26,16,4.2,302
Aurangabad,2016,738,29,49,34,28,6.0,293
Amravati,2019,545,27,49,37,40,6.6,274
Kolhapur,2021,255,30,50,37,26,3.0,211
Amravati,2015,1043,31,54,28,34,3.2,354
Nashik,2021,926,31,48,36,41,4.4,340
Amravati,2019,1094,27,49,26,35,5.9,353
Aurangabad,2017,771,25,25,44,40,7.6,281
Pune,2015,828,24,42,49,20,4.2,311
Nashik,2018,682,34,48,46,32,4.8,302
Nagpur,2021,646,30,35,36,43,6.9,268
Akola,2020,725,24,26,29,36,7.6,250
Amravati,2019,286,33,52,45,29,6.6,234
Nagpur,2022,627,23,35,29,37,3.7,249
Akola,2021,938,24,52,25,43,4.1,336
Aurangabad,2021,836,33,51,34,27,4.6,314
Solapur,2022,932,27,37,31,43,4.9,316
Kolhapur,2022,286,29,54,28,24,6.0,209
Nashik,2019,261,27,36,36,17,3.6,177
Solapur,2016,262,31,26,35,39,4.9,178
Nashik,2016,688,25,54,26,21,3.9,276
Pune,2016,1057,23,30,34,33,4.9,321
Nashik,2019,266,26,35,25,32,5.0,174
Aurangabad,2017,578,27,35,46,34,4.6,262
Nashik,2018,707,26,32,35,17,5.7,249
Amravati,2019,918,28,46,48,15,7.6,328
Pune,2015,328,24,25,43,17,5.8,179
Nagpur,2022,870,23,42,49,30,5.6,327
Solapur,2018,268,25,44,37,43,6.4,217
Nashik,2015,948,30,52,44,19,3.8,342
Pune,2016,877,25,28,28,21,5.8,266
Amravati,2019,698,28,49,36,20,7.4,282
Pune,2015,680,29,44,31,19,6.9,262
Kolhapur,2020,879,33,42,23,43,5.5,304
Amravati,2021,547,25,36,44,26,5.8,248
Aurangabad,2020,950,28,45,23,28,4.4,309
Pune,2015,882,26,42,45,21,6.4,316
Aurangabad,2018,1009,33,54,36,34,3.7,359
Amravati,2017,929,30,31,40,34,7.2,309
Nashik,2021,956,28,38,35,42,6.3,327
Pune,2021,825,31,42,42,22,5.3,302
Amravati,2016,610,26,38,37,25,7.4,252
Pune,2015,655,28,27,32,20,7.6,229
Nagpur,2019,638,26,36,34,30,7.9,254
Nashik,2021,960,24,30,23,35,7.2,290
Solapur,2022,465,28,27,45,27,7.5,219
Nagpur,2020,373,26,33,24,44,7.0,199
Aurangabad,2021,456,32,41,34,35,7.0,234
Kolhapur,2019,1013,27,38,28,31,6.1,317
Amravati,2019,777,25,28,28,30,7.3,256
Akola,2020,947,25,35,38,34,5.6,317
Pune,2020,425,25,55,35,16,4.7,238
Amravati,2019,572,26,41,40,20,4.9,250
Akola,2017,515,33,39,47,22,6.8,248
Aurangabad,2015,693,33,30,37,18,6.2,246
Amravati,2022,422,32,51,21,31,7.6,225
Nashik,2018,1093,31,46,39,42,6.1,371
Amravati,2022,543,30,45,47,19,6.4,261
Nagpur,2016,956,25,42,41,24,7.7,326
Pune,2020,794,25,34,20,26,6.0,255
Kolhapur,2020,331,31,30,36,16,4.1,178
Aurangabad,2015,910,33,47,23,40,7.4,316
Nashik,2019,803,25,54,24,33,7.9,305
Akola,2017,533,25,53,45,32,5.7,283
Aurangabad,2020,820,33,52,47,19,4.5,324
Nagpur,2021,979,23,27,25,21,4.2,278
Amravati,2019,907,28,38,46,45,6.5,336
Nagpur,2022,910,25,52,29,19,6.9,315
Amravati,2020,499,29,41,49,38,6.5,266
Pune,2021,583,24,55,41,28,3.5,286
Solapur,2017,482,25,37,23,44,4.0,225
Nashik,2020,591,27,36,35,17,6.3,235
Amravati,2021,639,32,36,24,45,7.6,253
Solapur,2015,535,31,45,46,27,6.4,266
Kolhapur,2016,1032,26,51,24,25,3.3,333
Solapur,2020,1027,31,26,45,15,6.9,308
Kolhapur,2020,797,26,49,24,38,3.3,299
Amravati,2021,607,24,53,33,40,4.6,286
Solapur,2020,734,27,50,47,31,7.3,315
Pune,2016,1053,27,25,42,40,4.7,329
Kolhapur,2016,275,32,38,24,35,5.7,183
Nashik,2015,942,24,49,33,24,4.5,325
Nagpur,2021,1098,23,50,45,18,3.4,366
Solapur,2018,876,23,38,48,21,4.2,312
Akola,2022,530,34,38,50,23,7.0,254
Nagpur,2016,371,24,39,48,42,3.6,241
Amravati,2018,989,25,53,33,34,3.6,350
Nashik,2018,380,23,49,35,29,7.2,231
Akola,2018,342,33,44,44,30,5.0,229
Kolhapur,2022,1053,31,49,26,16,4.6,328
Kolhapur,2015,361,26,52,29,25,4.8,221
Nashik,2020,946,28,33,22,23,5.7,281
Akola,2019,920,24,52,25,36,4.0,326
Kolhapur,2017,1068,24,39,32,43,3.2,345
Amravati,2016,288,28,50,28,24,7.7,202
Akola,2022,613,34,28,34,43,4.0,247
Amravati,2015,633,27,29,20,35,7.0,225
Solapur,2019,349,32,34,46,29,4.7,214
Nashik,2020,887,33,43,44,15,6.4,312
Solapur,2021,341,34,40,30,38,7.5,209
Nashik,2020,963,34,31,50,33,3.1,328
Akola,2020,701,23,25,34,43,4.0,257
Nashik,2017,312,25,41,44,16,6.4,205
Nagpur,2016,934,24,47,39,17,4.5,322
Nagpur,2015,576,27,27,45,16,3.5,229
Solapur,2018,1078,34,43,28,38,7.1,344
Aurangabad,2018,434,30,40,27,26,4.4,211
Amravati,2015,650,27,47,39,45,6.2,296
Aurangabad,2017,762,26,50,36,16,4.3,291
Nagpur,2022,1092,29,45,40,39,7.1,368
Nashik,2018,506,32,31,22,43,4.1,216
Solapur,2020,257,29,50,27,27,4.4,198
Kolhapur,2016,328,26,52,50,16,3.4,237
Akola,2018,895,23,47,21,26,6.9,298
Nagpur,2016,825,25,48,44,26,3.4,319
Nagpur,2018,540,32,50,33,31,3.3,261
Nagpur,2015,658,34,32,37,44,3.2,267
Akola,2016,595,23,51,43,21,4.3,278
Amravati,2022,541,29,47,29,30,7.7,249
Kolhapur,2021,1019,33,37,23,36,4.8,314
Nagpur,2020,407,29,44,38,38,6.8,239
Pune,2020,702,28,28,46,30,4.4,268
Kolhapur,2016,620,26,53,41,15,6.7,277
Akola,2020,437,25,55,47,18,5.5,259
Nashik,2022,462,23,51,44,23,4.1,257
Akola,2017,614,27,25,32,30,7.3,227
Amravati,2022,740,32,27,35,38,6.0,265
Amravati,2017,765,32,27,30,39,6.4,263
Pune,2022,625,34,26,48,19,5.9,243
Nashik,2015,937,31,43,35,18,7.8,311
Pune,2015,821,27,55,39,22,7.0,321
Aurangabad,2022,1029,25,39,33,37,6.6,334
Solapur,2015,1022,24,46,48,41,5.2,370
Solapur,2018,520,27,49,44,21,3.8,262
Nagpur,2018,427,25,26,48,20,5.3,208
Kolhapur,2019,483,27,27,28,39,4.2,209
Nagpur,2019,601,24,45,39,35,5.9,275
Akola,2017,613,24,38,39,21,6.5,252
Amravati,2017,804,27,38,48,35,5.6,311
Akola,2021,692,32,44,29,40,4.1,280
Amravati,2018,492,26,41,45,45,4.2,265
Nagpur,2018,674,23,49,30,29,7.2,277
Akola,2015,915,29,33,34,43,5.4,310
Pune,2020,755,26,36,36,35,6.3,282
Nagpur,2020,888,24,25,36,30,3.7,282
Amravati,2022,636,33,43,48,42,5.4,296
Nashik,2017,611,34,29,49,30,3.6,257
Amravati,2018,296,33,52,31,37,7.8,223
Nagpur,2017,749,24,50,23,19,6.4,274
Kolhapur,2017,367,30,29,40,18,5.7,190
Akola,2015,458,26,39,20,38,6.7,214
Akola,2022,266,32,32,31,37,7.8,182
Nashik,2018,759,29,42,44,19,4.6,290
Nagpur,2022,715,24,54,40,19,3.8,299
Pune,2022,944,30,50,22,31,6.6,318
Nagpur,2021,559,28,33,35,42,6.0,246
Aurangabad,2019,969,24,35,44,24,6.4,320
Solapur,2019,999,34,25,35,15,4.4,287
Amravati,2015,312,32,44,30,30,4.5,204
Aurangabad,2021,888,34,27,21,38,5.9,272
Akola,2017,683,29,37,41,35,3.8,278
Akola,2022,703,24,49,27,21,7.2,271
Nashik,2015,879,29,35,20,18,5.4,265
Nagpur,2017,935,34,33,39,26,4.3,305
Aurangabad,2020,716,32,43,31,43,6.1,288
Kolhapur,2018,298,25,33,23,18,4.6,161
Amravati,2016,573,30,50,39,44,5.6,287
Akola,2017,307,27,46,40,26,6.4,217
Nashik,2022,848,31,46,50,32,5.7,334
Solapur,2018,773,31,30,40,29,3.6,275
Solapur,2021,589,23,47,30,23,5.7,253
Kolhapur,2019,786,27,47,35,22,5.6,294
Nashik,2018,728,24,52,48,36,4.6,324
Solapur,2016,398,23,27,32,24,4.9,186
Nagpur,2022,566,23,46,26,26,5.7,244
Pune,2020,1093,30,50,44,43,7.1,387
Akola,2022,613,31,44,28,41,3.0,265
Solapur,2020,962,34,40,21,40,3.5,310
Akola,2022,862,34,47,39,44,4.8,333
Nashik,2020,894,24,53,23,39,3.2,323
Amravati,2022,922,34,47,45,38,6.1,347
Kolhapur,2015,1018,30,49,45,28,4.8,359
Akola,2022,837,28,33,21,39,3.6,274
Amravati,2020,286,34,49,45,18,3.6,218
Akola,2021,603,28,47,22,45,6.5,264
Kolhapur,2021,667,23,25,41,19,7.8,239
Aurangabad,2016,651,31,48,33,35,4.4,281
Akola,2022,319,27,48,20,24,3.6,193
Pune,2015,271,27,48,25,33,6.8,199
Kolhapur,2015,453,26,27,30,45,6.3,212
Solapur,2022,476,31,25,20,37,5.1,191
Aurangabad,2017,364,28,54,50,30,4.1,259
Pune,2019,728,27,38,35,43,3.6,287
Nashik,2020,916,23,51,39,30,5.1,338
Aurangabad,2019,983,32,55,39,15,3.4,344
Solapur,2018,480,23,52,22,37,7.5,244
Akola,2020,608,32,30,40,35,6.2,250
Amravati,2016,417,31,44,42,36,6.9,245
Solapur,2016,394,27,48,31,33,7.1,230
Solapur,2017,1085,33,38,44,27,3.1,349
Kolhapur,2015,896,31,42,42,39,6.7,330
Kolhapur,2016,1017,32,36,20,40,4.6,311
Amravati,2021,357,33,47,24,23,4.1,203
Akola,2021,958,28,42,21,30,4.7,304
Kolhapur,2019,451,26,53,36,20,5.1,244
Nagpur,2015,439,29,30,33,22,5.6,199
Nagpur,2021,515,28,32,36,41,3.0,237
Akola,2016,892,23,38,50,45,5.4,339
Akola,2015,913,30,33,36,38,6.0,308
Kolhapur,2017,979,26,50,43,20,3.1,344
Nashik,2021,1032,33,42,31,15,4.8,318
Solapur,2020,949,28,36,50,19,6.4,322
Aurangabad,2021,985,27,36,33,29,4.9,314
Solapur,2021,1028,23,45,49,44,4.1,374
Aurangabad,2021,841,23,38,29,40,4.6,296
Akola,2019,808,33,28,43,29,3.6,282
Akola,2022,382,23,49,30,16,3.1,213
Aurangabad,2017,287,24,50,32,23,6.6,207
Nashik,2021,952,31,47,25,20,5.6,308
Solapur,2017,317,27,34,36,40,3.3,204
Amravati,2018,347,33,55,31,36,4.9,237
Solapur,2019,669,33,53,31,45,5.7,299
Akola,2020,762,26,25,21,29,6.6,237
Amravati,2018,426,34,40,38,31,5.1,229
Nagpur,2016,794,31,46,44,34,3.9,317
Nashik,2022,430,33,38,22,38,3.9,210
Aurangabad,2016,289,34,43,20,45,6.6,197
Nagpur,2022,1067,24,50,37,16,3.3,348
Solapur,2015,818,32,45,26,30,5.4,291
Amravati,2022,632,31,28,36,31,6.9,242
Akola,2021,860,31,46,23,43,7.8,308
Akola,2016,478,34,49,34,30,5.5,248
Pune,2020,859,25,28,24,16,6.2,253
Pune,2016,690,34,49,49,33,7.9,310
Nashik,2022,383,27,30,34,30,5.5,197
Akola,2015,1000,25,35,20,39,5.7,306
Kolhapur,2022,1036,23,31,38,30,4.6,322
Nagpur,2017,934,31,33,25,35,3.8,294
Pune,2017,767,25,39,49,34,5.5,307
Nashik,2020,296,28,51,44,22,7.1,226
Amravati,2022,354,24,38,22,27,3.5,187
Solapur,2018,899,26,39,34,42,4.7,317
Nashik,2020,609,24,51,46,26,4.7,289
Pune,2020,545,28,41,42,25,3.7,253
Amravati,2018,528,23,54,47,15,6.4,271
Kolhapur,2020,782,32,30,36,21,3.0,264
Nashik,2020,333,25,37,23,21,7.6,177
Akola,2021,739,26,42,36,45,6.8,299
Kolhapur,2020,393,29,29,40,22,4.8,198
Kolhapur,2020,302,34,31,46,24,5.2,196
Kolhapur,2017,316,23,29,48,35,5.7,207
Amravati,2022,582,32,46,32,21,4.1,251
Solapur,2022,603,30,50,48,44,4.7,305
Kolhapur,2015,546,30,53,33,19,4.8,256
Kolhapur,2022,301,34,50,28,16,6.3,197
Aurangabad,2016,585,34,49,29,18,3.2,250
Nagpur,2015,1036,29,47,50,39,3.1,376
Amravati,2019,764,25,39,44,45,5.9,309
Pune,2020,708,33,42,48,40,7.5,306
Solapur,2015,1092,34,35,23,38,5.4,325
Nashik,2015,800,25,25,29,36,5.3,262
Nashik,2021,470,29,46,42,41,6.4,263
Amravati,2016,961,34,43,25,36,3.7,317
Nashik,2021,400,31,51,24,43,7.5,236
Akola,2018,266,31,29,38,28,7.6,178
Solapur,2022,803,29,53,31,40,6.2,319
Kolhapur,2019,262,34,46,21,25,3.4,181
Pune,2022,1014,26,34,28,29,7.4,309
Pune,2017,859,26,25,23,41,5.4,268
Solapur,2020,975,23,52,44,18,6.0,346
Nagpur,2017,368,34,30,24,17,4.3,169
Aurangabad,2015,652,23,50,27,16,7.6,259
Akola,2018,655,28,52,35,38,6.7,294
Nagpur,2019,491,24,50,37,38,6.1,264
Pune,2020,1066,33,55,35,24,7.6,361
Akola,2016,898,24,54,45,33,3.7,351
Akola,2021,667,29,43,37,18,4.0,265
Solapur,2017,391,26,51,20,18,6.4,206
Nagpur,2016,907,34,31,22,15,4.9,263
Aurangabad,2018,917,33,38,31,22,5.7,296
Pune,2022,512,28,52,29,18,4.8,242
Akola,2019,741,24,28,28,17,7.8,238
Nashik,2015,1026,34,43,42,28,3.8,346
Nagpur,2022,359,27,49,31,28,3.7,221
Amravati,2021,832,24,43,20,18,3.2,271
Akola,2020,987,32,37,48,20,7.9,329
Nashik,2018,825,33,38,23,19,3.2,266
Kolhapur,2020,836,25,29,37,43,7.1,293
Pune,2015,607,31,40,38,28,4.3,259
Amravati,2017,366,23,33,35,18,6.7,190
Nashik,2022,499,29,30,21,26,7.8,196
Aurangabad,2022,500,26,47,25,27,4.7,233
Nashik,2016,1010,23,49,42,45,7.5,369
Nashik,2016,250,31,54,30,37,7.8,217
Pune,2015,781,34,45,48,18,6.7,304
Nashik,2018,321,31,31,39,45,7.6,208
Nashik,2017,736,29,46,28,33,4.6,284
Nagpur,2019,987,26,34,37,21,7.5,309
Solapur,2019,663,29,30,23,43,5.6,244
Pune,2020,729,30,48,47,24,3.1,305
Nashik,2017,899,32,42,39,16,7.5,306
Pune,2022,603,23,27,41,24,3.3,236
Aurangabad,2015,1023,25,41,20,38,6.2,320
Amravati,2018,712,24,26,43,33,4.1,264
Aurangabad,2019,589,25,52,29,26,7.6,263
Pune,2015,1091,24,28,38,29,5.7,326
Pune,2022,932,26,43,44,32,7.5,335
Akola,2017,459,30,33,35,16,7.3,205
Akola,2022,810,34,51,33,20,5.3,301
Amravati,2022,456,33,37,21,26,4.3,201
Amravati,2021,440,34,35,50,31,6.2,240
Kolhapur,2019,946,30,33,39,19,6.9,301
Pune,2018,832,34,51,28,33,3.8,310
Akola,2020,1095,29,40,46,20,3.2,351
Nagpur,2016,286,26,49,20,45,7.8,208
Solapur,2015,672,32,32,29,33,7.6,248
Amravati,2019,395,29,45,21,42,7.9,219
Kolhapur,2019,1026,33,42,33,17,4.0,321
Akola,2016,798,32,29,45,21,3.1,277
Solapur,2020,369,24,36,42,35,4.8,221
Pune,2021,910,23,34,24,38,5.8,292
Amravati,2019,885,31,55,23,31,7.2,318
Solapur,2022,759,26,27,45,35,7.2,279
Akola,2022,953,33,38,29,21,6.5,299
Amravati,2015,646,29,30,24,33,4.8,233
Kolhapur,2019,731,31,25,24,30,3.9,237
Akola,2020,996,23,40,43,31,5.0,339
Aurangabad,2018,593,24,41,39,18,3.7,251
Amravati,2019,312,24,53,47,31,8.0,245
Kolhapur,2017,531,28,51,21,27,4.5,241
Pune,2016,962,34,43,40,21,5.4,325
Nagpur,2021,457,33,51,45,21,6.9,255
Nagpur,2022,507,23,31,47,33,3.2,242
Pune,2018,980,28,27,39,33,4.7,309
Nagpur,2018,1066,26,50,22,40,3.4,348
Amravati,2015,897,32,41,39,32,6.9,318
Aurangabad,2019,703,27,51,35,33,4.9,297
Solapur,2019,411,33,53,45,15,5.6,245
Solapur,2015,1041,29,38,44,23,7.6,338
Pune,2019,898,33,45,36,24,4.7,314
Solapur,2017,969,33,31,26,31,8.0,294
Solapur,2021,329,32,35,25,37,4.4,190
Amravati,2022,838,31,43,23,22,4.8,280
Akola,2017,588,30,46,32,37,6.3,266
Nashik,2018,737,31,32,49,35,7.0,290
Nashik,2017,655,32,44,40,26,7.3,276
Amravati,2015,856,27,54,20,29,6.4,305
Solapur,2020,1027,34,49,50,25,6.7,365
Pune,2020,664,33,50,21,41,8.0,275
Nashik,2020,934,30,43,34,17,3.2,308
Akola,2019,490,30,33,36,41,6.5,234
Akola,2017,831,25,54,38,41,7.4,336
Nagpur,2021,965,24,30,25,17,5.6,278
Pune,2016,541,23,38,40,23,6.7,242
Solapur,2020,749,26,41,37,25,5.2,282
Akola,2019,811,28,35,40,22,5.2,284
Pune,2016,960,26,30,28,38,4.2,300
Akola,2022,662,23,49,33,21,3.1,272
Pune,2022,894,32,33,32,37,7.7,298
Akola,2016,938,30,48,24,28,4.9,314
Pune,2020,625,26,33,23,33,3.7,233
Pune,2021,865,26,43,38,28,7.2,311
Nashik,2015,954,33,43,33,41,5.3,332
Aurangabad,2022,853,26,40,31,42,7.1,306
Aurangabad,2017,376,34,33,28,17,7.3,181
Aurangabad,2017,492,29,38,36,19,6.2,224
Solapur,2017,771,28,53,48,21,6.3,320
Amravati,2021,797,29,51,30,21,5.6,296
Aurangabad,2015,1083,33,32,36,44,5.5,342
Solapur,2015,628,23,30,28,41,5.4,243
Akola,2019,1096,27,30,32,35,4.2,327
Akola,2017,574,28,44,43,39,4.0,277
Aurangabad,2016,453,32,54,28,39,6.5,253
Solapur,2016,435,23,25,30,30,3.3,192
Solapur,2016,920,30,50,31,30,5.8,326
Nagpur,2022,404,24,32,28,16,6.8,183
Nashik,2022,1069,34,49,27,34,6.4,349
Akola,2020,833,34,41,31,17,6.7,282
Pune,2019,316,26,42,41,35,6.5,221
Nashik,2018,343,33,54,47,33,5.6,254
Nagpur,2022,1086,27,51,48,28,3.1,379
Nashik,2022,804,34,41,47,16,6.0,298
Nagpur,2018,1035,28,54,27,41,5.3,358
Kolhapur,2017,634,25,26,49,33,5.7,259
Nashik,2020,858,30,36,32,40,7.8,300
Nagpur,2021,807,30,50,39,35,5.4,321
Aurangabad,2016,931,23,36,32,27,7.5,301
Pune,2017,707,25,28,43,29,6.6,263
Pune,2016,972,26,30,34,40,6.6,312
Solapur,2015,1071,33,30,41,17,7.3,319
Aurangabad,2016,285,23,28,28,29,5.9,167
Nashik,2022,683,34,28,49,29,5.6,268
Pune,2017,675,32,45,30,41,4.9,281
Solapur,2015,1066,23,31,41,28,4.9,330
Nagpur,2021,377,28,35,42,33,6.4,219
Nagpur,2016,381,26,33,39,15,3.9,196
Nashik,2016,881,34,34,34,26,6.5,290
Aurangabad,2015,360,26,27,35,40,5.8,198
Akola,2015,730,30,35,21,20,6.7,241
Kolhapur,2022,986,28,47,48,41,3.8,366
Akola,2019,929,30,55,23,41,6.2,335
Pune,2017,1003,30,32,38,27,4.3,315
Pune,2021,811,26,47,46,22,4.5,314
Nagpur,2017,976,28,32,39,45,3.7,328
Pune,2016,715,32,44,28,25,3.3,269
Aurangabad,2020,368,33,30,27,32,5.3,186
Akola,2020,640,25,44,20,28,5.4,247
Nashik,2017,624,34,55,46,26,4.0,299
Nagpur,2016,388,32,38,26,44,6.2,214
Amravati,2016,1055,31,30,47,25,4.0,332
Amravati,2016,957,27,37,24,25,5.4,294
Kolhapur,2018,1032,24,43,42,40,6.9,357
Kolhapur,2018,402,32,48,45,27,5.2,246
Nagpur,2022,553,30,25,29,28,6.8,210
Amravati,2016,615,32,43,45,30,4.7,278
Nashik,2020,593,32,43,41,20,3.8,259
Nashik,2021,563,23,30,29,31,5.6,223
Nashik,2015,1001,26,30,37,35,5.7,317
Amravati,2015,300,25,32,48,17,6.0,194
Pune,2016,970,33,40,23,18,4.9,295
Pune,2021,514,31,34,48,34,4.2,251
Amravati,2022,379,26,54,28,30,5.0,231
Kolhapur,2020,774,32,47,33,43,6.5,308
Pune,2015,976,30,39,40,15,3.7,315
Amravati,2020,440,23,50,46,24,3.4,255
Kolhapur,2018,649,30,34,31,26,3.5,244
Aurangabad,2019,714,24,25,41,43,5.0,269
Nashik,2021,599,25,30,33,33,3.8,237
Amravati,2015,713,31,48,47,26,5.3,303
Solapur,2018,578,24,45,30,36,5.8,259
Nashik,2015,480,25,54,48,15,7.3,264
Akola,2017,308,34,49,37,45,6.0,235
Aurangabad,2018,333,32,54,47,21,3.9,241
Kolhapur,2020,369,27,49,33,36,6.8,233
Solapur,2021,325,33,50,30,17,7.1,205
Nagpur,2022,528,26,30,45,24,7.3,233
Pune,2017,795,25,27,45,27,4.3,279
Amravati,2015,459,27,31,21,38,7.2,202
Solapur,2020,786,28,46,34,25,5.0,294
Nagpur,2017,259,27,30,29,45,5.9,181
Aurangabad,2017,309,26,41,26,23,7.0,186
Akola,2022,513,26,35,34,25,5.2,225
Nagpur,2017,486,29,40,48,23,7.9,247
Amravati,2019,832,32,47,27,29,3.5,298
Pune,2022,559,24,37,41,23,3.8,245
Kolhapur,2016,592,34,30,42,15,5.4,232
Nashik,2022,1090,27,34,40,36,4.5,345
Amravati,2020,630,24,47,24,43,3.0,270
Solapur,2020,554,30,37,47,42,6.2,269
Nashik,2018,332,33,30,46,35,4.5,209
Pune,2021,901,34,47,25,36,3.2,314
Amravati,2015,1071,23,46,27,35,3.5,344
Kolhapur,2020,945,30,42,47,16,6.1,325
Akola,2019,662,25,25,48,15,4.0,244
Nagpur,2022,467,25,33,37,23,7.5,215
Pune,2017,712,27,49,36,24,4.1,288
Nashik,2019,690,31,54,37,28,4.2,298
Nagpur,2022,281,26,54,25,20,3.1,200
Pune,2021,877,30,55,44,34,6.7,349
Pune,2022,333,33,31,33,30,6.3,188
Aurangabad,2018,982,24,39,26,40,3.1,319
Akola,2019,940,29,27,49,40,5.3,322
Akola,2020,571,30,48,49,18,7.0,273
Akola,2018,1024,30,31,50,30,3.5,337
Pune,2022,847,31,33,41,41,6.9,306
Nashik,2018,989,32,51,36,43,6.0,358
Nashik,2017,893,32,38,46,34,6.5,324
Solapur,2016,337,28,45,40,26,5.1,221
Akola,2021,477,23,25,41,15,5.2,201
Solapur,2019,267,27,54,31,42,6.7,226
Nashik,2019,612,29,54,21,21,6.1,255
Solapur,2020,270,26,49,47,44,3.5,242
Nashik,2018,479,23,42,21,41,5.6,228
Solapur,2015,654,29,42,21,18,5.3,238
Pune,2019,613,26,36,37,42,3.2,264
Akola,2015,309,31,27,20,38,5.5,166
Amravati,2017,694,34,50,32,38,4.8,293
Aurangabad,2021,504,32,38,36,32,4.4,238
Pune,2021,330,32,43,25,38,4.3,206
Akola,2022,595,29,52,45,32,3.6,292
Aurangabad,2019,650,23,26,48,36,6.0,263
Nagpur,2015,752,30,27,40,42,3.3,277
Solapur,2017,1081,26,30,20,23,5.2,297
Akola,2021,267,32,33,34,37,5.1,188
Nagpur,2021,315,25,48,27,28,4.6,206
Solapur,2021,796,31,45,40,25,6.2,302
Solapur,2015,393,28,45,29,19,3.1,209
Nagpur,2019,800,27,53,35,32,6.9,317
Amravati,2020,444,28,40,35,19,3.0,218
Akola,2016,985,26,28,20,26,3.6,279
Aurangabad,2020,1019,24,43,50,40,4.1,366
Amravati,2021,911,23,50,30,18,3.1,312
Aurangabad,2016,999,29,45,22,23,3.2,312
Solapur,2020,670,24,50,41,28,6.2,293
Amravati,2015,817,33,37,28,20,7.5,270
Amravati,2017,371,34,45,24,22,4.8,201
Solapur,2022,391,33,37,38,26,3.8,213
Akola,2021,916,34,27,37,38,3.4,299
Nashik,2020,270,28,39,43,20,4.8,197
Amravati,2015,341,27,37,50,26,5.4,221
Kolhapur,2020,435,32,49,46,34,4.8,261
Pune,2020,865,30,26,40,44,7.4,298
Pune,2018,509,26,34,31,25,5.9,218
Kolhapur,2018,1067,25,52,34,37,6.6,366
Amravati,2016,763,26,43,45,31,8.0,305
Amravati,2016,692,29,36,46,38,6.0,287
Amravati,2017,389,32,29,23,36,6.7,186
Pune,2019,652,27,36,42,21,4.8,259
Aurangabad,2019,1046,24,32,26,21,5.7,301
Amravati,2020,346,30,30,40,44,5.3,211
Kolhapur,2022,799,27,35,39,41,3.1,298
Kolhapur,2018,460,30,27,50,34,3.7,232
Aurangabad,2019,854,34,30,35,35,3.1,288
Amravati,2017,680,31,31,27,37,5.7,249
Kolhapur,2017,845,31,26,49,39,3.3,302
Pune,2018,1080,31,48,23,34,6.9,343
Nagpur,2016,265,29,38,47,40,3.8,217
Kolhapur,2019,853,27,43,35,35,5.0,311
Pune,2016,917,25,35,22,15,5.0,272
Aurangabad,2021,733,29,55,39,43,3.5,324
Aurangabad,2017,667,23,38,22,34,6.3,249
Nagpur,2020,486,33,44,47,33,7.6,262
Nagpur,2017,362,29,42,44,31,7.9,230
Amravati,2022,555,33,32,24,15,3.6,204
Nagpur,2022,495,29,35,41,35,7.2,241
Nagpur,2019,395,32,38,41,42,5.9,234
Nashik,2017,933,26,40,36,43,6.6,329
Akola,2021,552,32,51,24,40,6.2,260
Amravati,2022,1089,32,34,33,21,3.8,322
Amravati,2016,513,28,41,45,33,3.7,258
Akola,2019,252,33,52,23,45,7.1,211
Pune,2022,812,30,37,31,19,5.3,273
Aurangabad,2015,335,30,31,27,20,7.1,171
Solapur,2018,904,33,52,50,36,4.6,358
Solapur,2016,687,29,42,29,42,4.7,277
Kolhapur,2019,923,23,52,37,34,3.8,342
Kolhapur,2015,597,33,39,33,40,4.0,259
Pune,2021,435,29,49,37,38,4.4,252
Nagpur,2021,558,27,32,38,23,6.1,231
Pune,2021,453,31,53,27,34,3.1,245
Nashik,2016,783,33,29,35,37,7.3,275
Nashik,2020,525,30,49,28,16,5.5,236
Solapur,2019,1028,25,43,43,22,5.3,342
Nagpur,2019,1033,25,48,49,25,6.8,363
Nagpur,2022,751,27,40,50,45,6.3,317
Pune,2017,687,27,46,29,23,7.5,267
Kolhapur,2017,832,26,39,50,25,5.3,312
Pune,2022,1096,33,55,32,42,6.9,378
Nashik,2017,547,29,27,36,27,6.7,221
Akola,2020,601,23,38,21,22,6.7,225
Aurangabad,2016,621,30,29,34,22,4.6,231
Solapur,2017,871,33,35,28,38,6.6,293
Amravati,2016,344,33,27,23,20,5.4,160
Amravati,2018,572,31,31,32,23,5.6,224
Akola,2016,1029,25,53,41,39,3.5,373
Kolhapur,2018,793,23,29,45,29,7.7,284
Akola,2015,617,26,46,27,24,7.3,253
Nagpur,2015,662,31,52,49,44,7.4,320
Aurangabad,2017,846,31,28,49,40,7.2,307
Aurangabad,2018,402,33,52,35,38,7.2,249
Kolhapur,2017,447,26,55,40,42,6.5,273
Nagpur,2022,745,33,46,49,22,4.5,305
Kolhapur,2022,865,30,55,23,28,6.5,312
Solapur,2020,769,33,36,37,45,5.4,295
Kolhapur,2017,798,29,40,26,18,7.9,268
Nagpur,2019,1049,34,40,33,44,4.4,346
Nagpur,2020,406,31,43,44,16,5.7,226
Nashik,2020,306,27,43,42,25,6.5,213
Nagpur,2020,530,29,32,36,27,5.4,227
Nashik,2015,752,25,40,44,43,7.7,307
Aurangabad,2022,280,23,47,42,35,7.8,225
Amravati,2017,908,32,47,46,30,4.7,339
Nagpur,2022,639,29,54,23,23,3.3,265
Aurangabad,2020,987,30,41,26,16,5.5,302
Amravati,2016,1056,26,47,25,39,7.4,344
Pune,2021,676,30,38,26,35,4.5,257
Kolhapur,2022,613,23,28,22,31,7.6,219
Aurangabad,2019,1099,30,30,34,23,3.1,320
Solapur,2018,439,28,31,41,32,3.4,221
Aurangabad,2017,894,31,54,47,37,3.7,357
Aurangabad,2017,1091,32,31,22,21,7.8,301
Amravati,2018,428,32,41,27,34,5.1,219
Kolhapur,2020,1077,31,35,38,39,6.5,345
Solapur,2018,764,24,55,36,20,4.1,304
Kolhapur,2018,683,34,34,49,31,7.2,280
Nashik,2020,498,28,46,32,22,7.8,237
Pune,2022,1046,28,48,29,34,3.1,345
Akola,2015,506,34,47,46,24,5.9,261
Akola,2015,307,29,49,47,38,3.4,243
Akola,2022,541,27,44,48,33,7.7,273
Solapur,2022,910,23,38,47,20,3.5,316
Akola,2021,394,33,47,36,44,3.8,245
Akola,2015,895,27,43,32,44,4.1,322
Akola,2015,943,26,37,44,26,4.9,321
Nashik,2015,974,33,48,34,33,5.2,339
Akola,2015,841,25,52,31,33,6.0,318
Amravati,2016,254,28,50,44,40,4.3,233
Solapur,2018,346,30,46,45,33,6.1,237
Amravati,2018,311,24,41,40,44,3.5,225
Pune,2016,748,26,28,28,41,6.4,261
Amravati,2019,813,25,27,38,25,4.9,270
Nashik,2015,670,29,33,20,24,5.2,229
Aurangabad,2018,418,26,52,50,32,3.4,267
Kolhapur,2016,289,28,54,31,18,5.6,208
Kolhapur,2019,437,34,43,43,43,5.7,254
Akola,2016,290,31,35,29,16,4.8,170
Kolhapur,2019,1072,32,27,29,31,4.7,310
Kolhapur,2017,1006,23,45,36,44,4.2,352
Aurangabad,2018,284,26,31,37,31,4.7,186
Nagpur,2020,251,30,34,44,43,3.7,206
Kolhapur,2017,826,31,36,34,25,4.4,283
Pune,2015,925,23,26,36,44,3.7,303
Kolhapur,2016,1081,31,50,50,36,5.3,386
Akola,2022,887,24,32,35,19,5.7,283
Kolhapur,2020,629,28,28,47,19,6.1,246
Nashik,2018,1057,28,30,20,18,5.5,288
Nashik,2020,414,25,28,40,38,6.0,215
Pune,2016,766,33,45,42,40,7.6,313
Aurangabad,2020,516,25,27,48,32,4.3,237
Nashik,2019,530,27,39,31,18,6.2,225
Nashik,2016,932,23,27,39,32,5.9,299
Nashik,2020,305,23,48,30,32,3.5,212
Pune,2020,1068,28,28,29,16,5.4,297
Pune,2017,464,25,42,43,43,7.4,258
Akola,2022,301,28,29,50,42,4.3,214
Nagpur,2021,935,32,54,46,17,6.6,345
Aurangabad,2017,719,34,48,40,28,5.3,297
Solapur,2017,284,30,26,25,32,7.6,161
Nashik,2021,872,26,39,28,19,6.6,283
Pune,2018,410,33,49,49,31,5.4,258
Amravati,2017,388,33,28,29,25,7.9,183
Aurangabad,2022,420,27,32,35,19,4.6,199
Kolhapur,2017,492,23,27,47,35,6.8,234
Pune,2020,686,28,40,23,24,7.1,249
Nashik,2020,359,33,54,36,31,6.0,240
Solapur,2020,849,24,35,48,26,6.5,306
Nashik,2016,419,31,51,25,35,5.6,233
Kolhapur,2018,598,26,52,27,41,4.4,275
Aurangabad,2022,1100,30,49,32,28,4.6,356
Nagpur,2021,756,31,48,31,18,4.8,282
Solapur,2019,1091,28,45,47,16,7.5,357
Solapur,2020,841,34,30,49,32,3.1,302
Nashik,2018,639,34,54,49,33,7.9,310
Nashik,2021,959,25,41,31,26,3.1,313
Pune,2015,744,32,33,28,45,4.2,273
Kolhapur,2015,474,27,30,23,27,5.4,195
Nashik,2019,624,24,50,22,22,7.9,252
Pune,2016,326,25,51,32,18,7.6,211
Amravati,2015,810,32,40,20,20,3.2,263
Nagpur,2019,899,27,40,38,36,5.9,319
Nagpur,2019,974,26,51,33,32,7.9,342
Aurangabad,2022,1036,27,25,34,41,6.0,315
Aurangabad,2017,757,24,46,27,43,7.3,295
Nashik,2018,545,29,33,33,45,6.8,244
Kolhapur,2016,250,25,26,20,37,7.4,153
Akola,2018,683,24,51,47,37,3.5,313
Solapur,2022,1033,32,30,47,32,6.8,334
Solapur,2016,328,23,43,42,21,5.9,214
Akola,2021,600,26,25,22,34,7.2,214
Pune,2016,964,33,45,22,24,4.7,306
Aurangabad,2019,598,28,35,50,31,5.4,268
Nagpur,2018,529,31,53,39,39,7.8,280
Aurangabad,2022,683,33,35,37,15,6.3,251
Amravati,2016,793,26,25,30,37,4.8,263
Akola,2020,694,31,52,24,27,4.2,276
Kolhapur,2016,892,34,45,29,39,6.4,317
Pune,2019,509,32,34,40,42,4.4,246
Solapur,2022,368,33,38,36,26,6.4,208
Nagpur,2020,773,24,32,21,17,4.3,241
Nashik,2019,748,24,39,43,25,4.7,287
Amravati,2016,560,28,54,40,42,7.4,291
Nashik,2022,1093,30,36,36,29,6.1,338
Nashik,2022,820,33,42,39,18,4.1,294
Nagpur,2022,855,24,40,31,37,5.7,302
Aurangabad,2017,940,31,39,49,25,7.2,330
Nashik,2021,521,33,32,36,45,6.2,242
Solapur,2018,838,28,45,47,36,6.8,330
Pune,2021,304,23,46,44,16,7.4,213
Kolhapur,2019,391,26,48,34,15,5.7,217
Pune,2016,841,31,50,47,15,7.4,320
Pune,2021,446,26,52,31,24,3.2,238
Pune,2018,511,25,52,44,33,3.4,276
Solapur,2018,542,26,45,35,21,3.6,246
Akola,2015,724,33,47,42,19,7.2,290
Nashik,2017,334,27,38,27,17,3.7,181
Kolhapur,2018,421,26,53,50,18,7.7,257
Aurangabad,2015,1038,30,36,35,44,7.7,340
Kolhapur,2021,486,25,35,20,30,7.6,205
Solapur,2020,416,28,53,35,39,3.4,254
Akola,2015,860,34,44,35,42,3.6,320
Amravati,2016,412,34,43,29,39,7.7,227
Nashik,2016,1071,30,54,34,37,3.0,370
Solapur,2020,1037,30,47,24,24,3.3,326
Aurangabad,2017,895,25,37,23,20,7.1,277
Solapur,2021,819,31,31,38,22,4.9,276
Amravati,2021,972,33,49,48,36,4.4,362
Akola,2019,609,30,37,28,29,7.7,241
Nagpur,2015,485,27,25,32,20,3.2,195
Kolhapur,2018,676,32,37,44,44,4.4,289
Nagpur,2018,1081,26,40,32,27,4.1,335
Nashik,2020,274,26,48,35,23,7.3,205
Aurangabad,2016,1076,23,26,45,24,3.1,325
Akola,2019,1032,34,36,40,22,4.3,326
Akola,2016,1084,23,55,46,22,7.0,378
Pune,2016,906,32,46,39,22,4.2,320
Akola,2017,425,33,43,29,21,7.1,213
Nashik,2016,969,30,39,29,41,5.3,322
Nashik,2021,834,30,37,27,31,4.8,282
Aurangabad,2016,979,27,27,21,44,5.0,293
Akola,2018,801,25,29,26,35,3.0,264
Kolhapur,2021,809,25,55,47,36,6.9,342
Solapur,2018,626,31,31,23,35,6.7,232
Nashik,2016,630,26,43,33,21,4.9,255
Kolhapur,2016,982,34,48,39,40,7.5,353
Aurangabad,2017,891,32,36,23,33,7.3,287
Solapur,2017,809,34,32,39,21,7.3,276
Solapur,2021,402,26,32,29,18,5.1,186
Aurangabad,2019,873,24,49,42,16,5.6,318
Aurangabad,2015,970,30,47,26,16,6.5,310
Akola,2017,437,34,45,42,30,5.9,245
Nashik,2021,424,32,28,30,22,8.0,188
Solapur,2022,526,33,27,39,19,4.2,214
Pune,2016,498,24,29,50,27,3.1,236
Aurangabad,2020,472,28,53,45,31,4.7,271
Nagpur,2018,1079,28,49,33,40,6.6,364
Kolhapur,2020,375,31,46,28,15,4.1,203
Aurangabad,2017,295,32,43,40,15,5.5,200
Pune,2016,773,24,26,39,38,4.1,274
Pune,2015,840,33,37,31,43,4.5,299
Kolhapur,2017,531,31,47,38,37,6.0,266
Nashik,2020,504,31,50,46,28,6.2,270
Aurangabad,2017,933,32,30,42,27,3.2,305
Aurangabad,2022,633,25,28,42,41,3.0,260
Aurangabad,2021,963,30,26,27,35,3.9,289
Akola,2018,551,30,47,44,24,3.8,266
Amravati,2017,1028,27,25,49,44,4.3,338
Akola,2020,645,24,30,26,42,5.4,244
Solapur,2018,293,25,34,40,26,7.4,193
Nashik,2018,1090,25,51,39,29,5.4,368
Nagpur,2021,608,32,41,44,24,4.8,266
Nashik,2022,838,29,31,20,45,3.3,275
Nagpur,2019,399,30,54,27,17,5.2,222
Nashik,2021,493,33,42,24,42,7.2,235
Akola,2018,814,34,55,29,31,3.5,314
Amravati,2016,767,31,38,44,33,3.1,297
Solapur,2017,654,28,52,29,41,4.0,288
Amravati,2015,1002,34,41,24,36,5.1,320
Aurangabad,2022,644,31,25,40,29,4.3,243
Akola,2021,254,26,50,50,45,6.5,246
Solapur,2018,582,32,53,44,39,7.6,296
Nagpur,2022,448,32,52,24,16,7.0,222
Nashik,2019,721,30,30,29,15,7.4,237
Aurangabad,2016,478,23,33,36,18,4.3,212
Nagpur,2022,1031,28,53,29,42,5.2,359
Aurangabad,2017,333,26,47,50,32,3.9,243
Solapur,2021,396,32,29,25,39,6.9,193
Akola,2016,1087,26,50,49,28,7.2,379
Amravati,2017,963,29,40,41,40,6.0,338
Solapur,2015,410,23,52,34,41,6.3,251
Nagpur,2019,370,32,43,33,26,7.5,213
Aurangabad,2020,729,32,40,36,34,4.4,284
Akola,2021,267,28,32,35,31,3.8,182
Amravati,2019,826,30,29,38,42,3.3,291
Akola,2020,488,26,46,21,26,4.7,223
Nashik,2017,787,31,49,47,19,3.3,312
Aurangabad,2018,468,29,42,28,22,3.5,218
Pune,2019,546,28,49,33,33,4.9,262
Amravati,2022,719,30,37,36,40,5.3,282
Solapur,2018,498,25,44,44,42,6.4,268
Akola,2018,308,31,39,42,35,4.0,215
Pune,2018,661,31,47,48,17,6.2,286
Pune,2022,819,30,47,44,22,7.9,313
Aurangabad,2019,281,26,41,31,39,3.8,202
Amravati,2019,367,33,45,41,29,3.9,230
Aurangabad,2017,881,24,35,47,33,6.4,317
Akola,2018,620,26,41,39,38,5.4,274
Pune,2016,814,33,55,36,16,3.4,310
Pune,2015,948,29,33,45,20,5.4,311
Akola,2016,1021,32,29,29,20,7.2,294
Pune,2022,663,28,35,33,16,7.0,242
Nashik,2015,292,34,49,22,36,7.3,203
Akola,2021,1049,34,36,22,40,5.2,320
Nashik,2016,879,32,34,35,38,3.7,302
Solapur,2016,733,31,29,44,39,5.9,280
Kolhapur,2015,523,26,40,21,29,5.3,221
Solapur,2016,574,31,49,49,18,7.3,276
Nashik,2016,889,26,30,42,26,5.0,296
Amravati,2020,441,24,51,36,28,3.5,246
Aurangabad,2022,851,32,40,50,16,5.7,309
Solapur,2020,978,32,44,41,20,6.1,330
Nashik,2020,827,34,28,25,25,4.5,256
Pune,2017,731,28,44,21,27,5.3,264
Nashik,2019,798,27,26,33,39,4.5,271
Nashik,2020,735,26,43,20,15,3.1,251
Solapur,2021,823,24,46,44,33,3.2,322
Kolhapur,2015,260,25,31,25,38,3.9,171
Amravati,2016,941,24,28,48,17,7.2,302
Pune,2018,784,23,52,39,18,7.8,305
Kolhapur,2022,454,29,29,43,32,7.1,222
Solapur,2020,1083,34,50,40,27,6.4,365
Nagpur,2019,626,29,25,21,35,3.3,218
Kolhapur,2017,559,32,55,43,29,6.7,285
Nashik,2021,735,32,42,24,45,7.9,282
Aurangabad,2019,723,27,39,21,29,3.7,255
Nashik,2021,747,27,51,32,32,7.9,299
Solapur,2020,297,30,42,42,40,7.1,223
Solapur,2019,341,24,52,48,22,4.7,241
Akola,2021,564,27,36,37,30,6.6,245
Aurangabad,2022,486,33,27,29,38,6.3,210
Amravati,2015,276,26,35,37,41,5.1,201
Akola,2015,757,23,54,31,17,5.2,292
Aurangabad,2018,439,30,28,39,33,4.2,213
Kolhapur,2018,870,27,43,35,42,4.0,320
Aurangabad,2021,536,28,52,40,15,5.3,259
Nagpur,2017,860,24,29,43,34,6.9,297
Solapur,2017,1041,27,42,45,38,6.3,360
Solapur,2022,975,27,36,27,34,5.1,308
Solapur,2019,916,28,54,29,22,3.4,322
Amravati,2015,808,31,33,22,40,7.8,271
Nashik,2021,684,31,51,45,38,5.1,312
Aurangabad,2018,495,33,30,27,16,6.7,195
Amravati,2017,671,30,47,24,41,4.9,275
Nagpur,2016,791,30,36,27,32,6.9,273
Aurangabad,2019,815,23,51,29,24,7.1,300
Amravati,2020,936,27,42,28,35,7.9,314
Aurangabad,2017,795,34,39,49,27,4.4,306
Amravati,2017,740,23,31,26,27,7.9,249
Nagpur,2021,493,34,29,50,34,3.4,241
Kolhapur,2020,811,24,36,23,35,6.4,274
Pune,2022,542,28,32,25,39,7.6,225
Akola,2020,642,32,45,41,18,5.0,270
Akola,2017,586,27,51,21,23,5.5,247
Nagpur,2018,671,31,49,34,38,6.6,290
Pune,2019,546,26,50,41,30,5.6,272
Amravati,2020,870,32,49,35,25,7.5,316
Solapur,2019,756,34,43,42,42,3.7,310
Nashik,2022,1047,27,53,41,43,5.7,379
Amravati,2015,833,32,41,26,33,7.6,289
Nashik,2016,1097,29,40,38,42,4.7,360
Solapur,2017,1037,26,55,46,17,6.6,365
Pune,2021,564,33,40,41,39,7.1,266
Nagpur,2017,848,28,53,26,26,5.3,307
Aurangabad,2018,917,29,40,31,28,7.1,305
Nashik,2020,1054,30,42,23,23,4.6,318
Kolhapur,2021,1078,24,55,43,32,7.3,382
Nashik,2020,526,26,42,21,42,3.8,237
Kolhapur,2021,391,27,25,26,43,6.4,190
Pune,2015,481,33,38,27,28,5.0,217
Akola,2022,1049,27,40,22,23,5.7,312
Nagpur,2016,479,30,39,41,23,4.7,234
Pune,2021,344,28,35,41,22,4.5,202
Akola,2017,469,34,46,25,16,5.7,216
Aurangabad,2015,592,28,31,50,43,5.5,271
Solapur,2022,865,33,30,25,34,6.7,275
Kolhapur,2020,934,27,34,50,35,7.3,330
Aurangabad,2016,267,28,35,37,21,3.1,181
Solapur,2022,749,29,47,43,29,7.3,305
Solapur,2015,803,33,42,49,40,3.8,324
Pune,2016,996,30,37,29,25,4.1,308
Amravati,2018,372,31,54,25,43,4.9,237
Kolhapur,2015,278,25,37,28,32,5.4,184
Amravati,2017,931,30,40,25,34,3.1,305
Pune,2016,702,23,53,26,29,6.2,284
Solapur,2019,743,27,36,25,45,5.8,274
Kolhapur,2016,900,28,49,49,34,4.1,349
Solapur,2017,564,25,30,38,32,7.5,237
Kolhapur,2021,618,29,37,42,24,3.7,258
Nagpur,2019,739,26,55,28,21,6.3,290
Pune,2021,565,34,36,31,42,7.5,247
Aurangabad,2020,431,24,37,24,34,4.0,208
Akola,2015,786,33,48,32,15,3.4,286
Pune,2020,913,31,31,26,27,4.3,280
Amravati,2021,593,23,40,50,15,5.9,262
Aurangabad,2015,1059,25,29,24,45,7.3,316
Nashik,2017,993,26,47,44,41,4.5,361
Akola,2020,1054,31,37,34,25,4.2,326
Amravati,2017,465,30,42,45,20,3.5,240
Kolhapur,2015,464,28,41,48,17,3.6,239
Aurangabad,2022,305,28,40,45,43,3.9,228
Nagpur,2021,609,25,50,33,27,3.6,270
Kolhapur,2018,391,28,55,40,42,4.2,263
Akola,2017,1025,27,27,46,21,4.4,316
Nashik,2016,315,28,52,29,35,7.4,222
Akola,2015,269,31,31,23,31,6.2,164
Nashik,2015,972,23,55,39,19,3.8,345
Aurangabad,2017,325,34,48,31,45,7.3,228
Amravati,2017,959,33,38,49,30,7.9,336
Pune,2018,919,31,52,33,19,4.2,322
Akola,2015,366,30,51,34,18,3.8,221
Akola,2022,758,26,38,32,22,6.9,269
Akola,2022,542,25,35,48,40,7.0,263
Pune,2015,352,32,51,48,40,5.7,258
Solapur,2018,775,24,29,39,20,7.1,264
Solapur,2019,794,33,50,41,21,7.0,309
Pune,2018,760,33,51,47,15,5.6,307
Pune,2017,557,28,54,24,23,3.3,251
Aurangabad,2017,501,29,54,26,15,5.2,237
Amravati,2018,315,30,33,42,41,7.1,211
Pune,2016,746,31,29,43,40,5.3,282
Akola,2015,314,28,26,27,42,3.6,178
Kolhapur,2017,732,28,30,49,15,4.5,267
Akola,2020,1027,26,54,26,40,6.3,354
Aurangabad,2018,715,25,49,29,32,6.7,286
Akola,2019,600,25,27,35,45,3.8,246
Solapur,2015,750,27,31,43,31,6.7,278
Akola,2021,891,27,47,40,36,4.2,333
Kolhapur,2017,468,23,53,26,30,3.6,243
Pune,2016,944,23,49,29,26,7.6,322
Kolhapur,2019,656,24,53,37,33,4.9,294
Nagpur,2019,308,29,28,41,25,7.9,185
Akola,2019,737,30,42,44,24,7.6,291
Amravati,2021,409,28,42,32,21,4.2,212
Aurangabad,2015,909,29,49,50,43,5.6,360
Solapur,2019,601,27,37,45,27,7.6,262
Nagpur,2017,690,24,37,34,41,3.3,275
Pune,2022,957,28,41,33,24,6.8,313
Nagpur,2018,1011,30,53,22,26,5.8,331
Pune,2018,416,32,31,28,37,7.4,203
Aurangabad,2015,314,33,33,43,16,6.6,190
Solapur,2019,743,29,39,39,44,3.3,298
Amravati,2017,661,28,49,38,36,5.6,292
Kolhapur,2018,695,34,50,21,34,4.5,275
Solapur,2020,781,25,33,30,27,5.9,266
Solapur,2022,1026,24,38,38,16,5.0,320
Solapur,2019,884,26,34,28,24,7.7,281
Pune,2018,827,28,38,32,27,4.6,286
Pune,2017,684,26,55,21,21,5.1,270
Amravati,2017,329,33,32,48,27,6.7,208
Nashik,2020,770,28,48,25,20,6.7,278
Aurangabad,2021,520,23,30,37,16,5.1,213
Nagpur,2015,844,32,33,37,31,4.7,291
Akola,2022,1098,23,32,26,35,4.8,323
Solapur,2017,383,31,50,32,38,5.9,237
Solapur,2015,350,28,48,27,45,7.5,227
Aurangabad,2021,967,23,51,43,25,6.8,348
Akola,2020,1085,26,32,27,15,7.8,304
Amravati,2019,907,28,28,36,37,4.4,297
Akola,2019,277,34,44,39,31,7.9,211
Nagpur,2016,995,34,49,31,24,3.2,332
Pune,2018,889,28,27,20,32,7.0,265
Kolhapur,2016,258,34,38,23,22,6.7,166
Nashik,2018,1026,28,50,47,43,6.3,379
Nagpur,2015,1043,24,36,37,28,5.6,329
Aurangabad,2019,574,24,31,28,37,5.6,231
Pune,2018,350,31,52,30,16,7.6,213
Nagpur,2016,742,29,27,23,41,7.3,251
Nagpur,2015,652,27,53,25,16,5.4,262
Nashik,2019,833,33,55,38,43,4.0,340
Solapur,2022,1013,30,33,37,24,7.1,315
Amravati,2020,630,26,55,28,42,3.9,289
Akola,2022,498,27,48,42,32,7.3,263
Nagpur,2020,817,23,54,37,21,7.4,314
Nagpur,2020,360,30,50,41,16,4.1,226
Kolhapur,2022,844,30,41,38,41,5.8,315
Nashik,2020,530,27,41,22,31,3.1,227
Kolhapur,2020,899,25,49,45,32,6.3,341
Nashik,2015,580,29,28,48,15,7.4,235
Akola,2016,1051,30,46,33,29,7.0,344
Aurangabad,2020,956,24,41,38,31,6.5,326
Kolhapur,2018,525,30,32,36,37,4.7,235
Nagpur,2018,839,29,42,44,16,4.5,302
Amravati,2018,1012,31,33,26,17,7.6,293
Amravati,2015,1082,31,35,41,20,3.8,333
Akola,2018,631,30,36,36,31,3.8,256
Solapur,2019,841,29,49,26,41,4.9,312
Pune,2017,1002,24,49,43,41,7.1,365
Amravati,2015,386,28,45,28,26,7.6,213
Solapur,2019,758,30,51,32,32,3.9,301
Akola,2019,474,24,50,23,31,3.9,235
Nagpur,2022,659,25,48,23,30,4.9,264
Kolhapur,2015,586,23,55,33,28,5.0,275
Nashik,2018,733,30,47,38,21,4.4,288
Aurangabad,2019,539,30,32,27,31,3.8,220
Kolhapur,2019,328,30,30,38,31,4.2,194
Pune,2020,883,28,30,36,41,8.0,300
Aurangabad,2018,739,28,48,45,22,5.2,302
Amravati,2020,790,24,41,39,39,5.2,305
Nagpur,2017,712,30,46,23,24,5.2,264
Kolhapur,2017,1031,30,53,23,26,6.8,336
Kolhapur,2020,420,31,44,20,21,5.6,201
Aurangabad,2022,326,23,50,27,28,5.7,211
Nashik,2015,391,24,52,28,26,3.8,226
Nashik,2020,787,29,39,39,16,4.5,280
Pune,2016,421,30,34,21,41,4.3,203
Akola,2015,346,30,25,38,30,5.5,187
Nashik,2016,710,25,45,47,37,5.7,307
Nagpur,2019,296,29,46,36,36,4.3,218
Nashik,2019,1090,25,26,30,26,4.6,308
Akola,2018,618,32,50,41,39,5.1,293
Nagpur,2017,680,24,30,49,44,3.8,284
Nashik,2021,820,34,47,20,45,4.0,300
Solapur,2019,269,34,54,47,36,7.9,243
Solapur,2016,1017,29,52,28,25,3.9,338
Aurangabad,2019,889,34,31,42,43,6.8,313
Kolhapur,2015,470,24,31,27,45,5.0,218
Solapur,2020,741,24,54,27,18,3.8,284
Akola,2020,286,25,36,48,19,6.3,200
Nagpur,2021,400,26,39,40,31,6.3,226
Pune,2020,498,30,27,36,32,3.1,217
Aurangabad,2022,480,23,44,48,24,4.3,254
Akola,2018,749,25,51,48,26,3.3,317
Akola,2016,902,34,29,49,36,3.2,315
Solapur,2015,641,32,33,25,40,3.5,245
Amravati,2018,299,25,54,39,26,3.0,229
Akola,2017,518,33,35,39,18,4.8,227
Amravati,2017,904,32,35,33,19,4.5,289
Aurangabad,2021,1048,32,40,28,40,7.8,335
Kolhapur,2017,811,24,37,41,24,4.5,291
Nagpur,2021,723,27,26,21,15,6.5,219
Amravati,2018,254,26,53,38,36,5.6,226
Pune,2020,545,32,53,26,35,6.5,261
Solapur,2018,953,24,32,21,29,6.5,284
Aurangabad,2019,312,29,49,35,32,5.8,222
Pune,2017,574,26,42,28,44,4.9,257
Pune,2015,1078,30,26,43,31,3.4,328
Amravati,2021,274,23,51,26,42,4.1,215
Akola,2019,329,31,27,47,33,7.0,203
Amravati,2016,799,33,47,31,19,7.4,288
Pune,2019,641,26,25,40,19,4.3,233
Akola,2018,516,34,38,25,35,5.5,227
Nashik,2018,807,34,25,23,30,6.8,249
Aurangabad,2019,874,30,29,44,40,5.5,307
Nashik,2019,426,33,47,20,21,6.7,208
Akola,2020,621,26,34,27,30,4.8,237
Pune,2021,1100,23,48,37,24,7.6,357
Akola,2021,753,27,33,42,40,6.9,289
Nagpur,2015,818,28,26,48,44,3.8,300
Solapur,2018,907,26,39,32,23,6.0,298
Nagpur,2022,348,34,37,48,16,4.8,210
Nashik,2015,681,25,46,24,20,3.1,256
Solapur,2018,681,32,41,25,27,3.3,255
Nashik,2022,1095,29,38,23,35,4.6,329
Pune,2020,751,30,34,27,26,3.2,257
Pune,2017,868,33,31,22,21,4.1,261
Solapur,2021,625,34,33,41,28,4.5,254
Aurangabad,2020,590,24,51,20,29,3.4,252
Amravati,2015,869,31,26,31,18,8.0,262
Nagpur,2017,447,25,31,39,44,5.2,230
Akola,2019,507,24,38,28,37,5.0,232
Nagpur,2019,972,27,47,46,16,6.7,338
Nashik,2020,1069,29,43,26,28,6.6,331
Aurangabad,2016,447,29,47,46,24,6.2,251
Akola,2015,840,30,35,47,28,7.7,305
Pune,2015,333,23,51,35,16,6.6,215
Kolhapur,2018,550,34,48,44,34,3.8,277
Akola,2018,522,28,32,43,25,6.1,234
Aurangabad,2016,861,29,48,32,45,3.8,326
Kolhapur,2017,951,29,25,32,36,6.2,293
Kolhapur,2022,544,25,26,37,35,5.7,228
Pune,2019,410,34,46,25,40,3.9,227
Nagpur,2015,891,28,29,43,40,7.0,308
Akola,2016,927,27,34,41,32,3.2,314
Kolhapur,2019,414,25,37,39,38,4.1,229
Amravati,2019,368,23,31,50,21,7.5,210
Solapur,2019,267,33,31,23,33,7.7,165
Pune,2016,1050,31,27,42,32,3.6,325
Nagpur,2018,860,34,27,30,33,4.5,275
Nashik,2018,391,24,25,47,31,6.6,209
Kolhapur,2019,359,26,41,25,43,4.6,212
Nashik,2019,397,23,26,35,24,3.2,188
Kolhapur,2016,838,31,39,44,40,3.1,318
Nashik,2018,588,24,41,22,45,5.7,250
Solapur,2021,548,31,50,23,26,3.7,244
Akola,2015,648,24,25,34,44,3.7,248
Aurangabad,2019,687,25,34,50,36,3.7,287
Solapur,2018,377,27,36,49,36,7.6,233
Akola,2022,515,34,36,24,15,4.8,204
Solapur,2018,413,33,46,50,18,7.0,243
Akola,2017,919,26,25,34,41,7.4,294
Kolhapur,2016,540,26,48,37,38,5.1,269
Kolhapur,2021,663,24,33,34,23,6.9,247
Kolhapur,2019,732,29,54,24,19,3.1,279
Kolhapur,2018,642,28,51,40,38,6.9,297
Nashik,2015,855,26,27,39,17,4.1,272
Nagpur,2018,1069,26,40,24,45,5.6,338
Pune,2017,593,24,48,44,19,6.1,271
Akola,2018,850,24,46,47,27,6.8,325
Nashik,2022,980,29,26,22,24,6.8,275
Nagpur,2021,893,24,49,27,32,4.9,315
Nagpur,2017,1053,34,35,35,42,6.0,339
Amravati,2015,757,34,51,22,26,5.7,282
Pune,2016,925,30,29,34,35,5.0,297
Aurangabad,2019,726,28,55,35,34,4.1,309
Solapur,2022,399,33,52,29,30,5.7,233
Aurangabad,2017,862,29,48,34,40,3.3,325
Pune,2020,575,32,46,24,15,5.6,233
Solapur,2022,368,24,26,46,35,3.5,208
Nashik,2018,335,30,25,34,25,6.3,175
Kolhapur,2022,486,31,44,40,33,3.3,252
Akola,2018,756,33,49,49,19,5.9,309
Kolhapur,2015,740,34,36,45,22,5.6,280
Amravati,2021,628,24,41,48,40,3.7,290
Nashik,2021,1097,31,29,28,27,4.0,313
Solapur,2021,659,29,30,49,28,6.6,266
Solapur,2018,1010,24,48,28,16,5.4,321
Akola,2022,339,33,39,34,21,4.2,197
Akola,2021,920,25,37,43,45,5.7,332
Amravati,2021,767,24,39,22,34,5.8,269
Nashik,2018,1047,34,44,22,31,7.4,326
Akola,2021,323,25,52,42,27,3.4,234
Aurangabad,2016,665,32,41,32,29,7.5,264
Aurangabad,2019,434,24,33,40,22,5.4,213
Aurangabad,2015,970,25,38,33,19,7.2,306
Aurangabad,2016,898,26,55,34,22,3.3,328
Solapur,2018,842,23,40,35,23,5.2,293
Amravati,2019,679,32,42,48,35,3.7,296
Amravati,2020,268,24,42,27,26,6.5,185
Nashik,2015,1000,31,35,30,15,5.7,298
Kolhapur,2019,997,25,34,21,36,5.9,302
Pune,2016,761,32,31,33,23,5.8,259
Kolhapur,2019,813,30,28,34,21,3.9,263
Amravati,2016,825,32,30,28,39,5.3,276
Pune,2018,453,26,49,48,36,3.5,269
Nagpur,2018,937,28,31,32,38,4.6,303
Kolhapur,2017,1086,23,52,48,25,3.4,378
Nashik,2019,446,31,46,47,20,3.3,246
Aurangabad,2020,541,32,53,42,40,7.5,287
Nagpur,2015,1068,31,29,45,16,3.6,321
Aurangabad,2018,897,32,26,24,34,7.3,272
Akola,2020,422,28,36,26,31,7.5,205
Nashik,2015,807,27,25,30,34,7.1,262
Pune,2015,524,34,28,27,22,6.9,202
Nashik,2021,436,24,53,29,36,5.1,246
Aurangabad,2015,683,34,40,33,17,7.9,256
Nagpur,2019,719,24,28,20,33,5.2,237
Nagpur,2016,361,26,35,45,41,3.3,227
Nashik,2017,424,23,48,22,28,3.3,218
Solapur,2022,796,31,39,39,23,6.4,288
Aurangabad,2020,949,26,27,48,26,4.8,310
Nagpur,2019,982,27,36,35,39,7.1,325
Solapur,2019,764,24,30,22,16,7.9,236
Nagpur,2022,973,33,49,45,16,7.6,340
Nashik,2022,400,32,45,46,16,7.6,231
Kolhapur,2021,513,25,48,28,25,7.8,240
Akola,2021,670,27,34,35,38,7.3,265
Nagpur,2020,805,27,53,50,19,5.1,327
Pune,2016,650,27,48,45,37,6.1,299
Nashik,2018,941,34,39,36,39,5.8,325
Pune,2018,711,27,45,24,40,6.5,278
Amravati,2021,955,34,46,23,40,7.8,322
Kolhapur,2021,725,34,30,22,45,3.5,255
Akola,2021,1068,25,48,42,42,3.3,375
Nashik,2020,843,31,41,43,20,4.7,303
Nashik,2020,706,34,40,23,28,7.2,256
Nagpur,2016,628,29,29,27,21,5.0,221
Nashik,2022,859,25,51,20,29,4.2,300
Amravati,2019,708,30,28,22,16,3.1,223
Nagpur,2020,1022,30,36,29,40,5.6,325
Kolhapur,2017,1085,33,49,25,28,4.2,343
Amravati,2017,281,30,26,46,35,3.9,193
Nagpur,2016,769,26,34,45,42,3.9,300
Amravati,2020,945,32,30,39,17,3.6,294
Solapur,2022,855,31,45,36,17,3.7,300
Nagpur,2015,781,32,29,46,23,6.8,277
Amravati,2016,706,26,39,29,23,3.5,258
Pune,2015,924,24,41,48,30,3.3,334
Pune,2022,909,28,54,20,21,3.2,307
Akola,2022,655,25,32,31,27,5.7,243
Aurangabad,2017,339,30,35,49,39,5.5,227
Akola,2021,446,29,45,28,32,5.0,229
Nagpur,2017,346,23,29,32,25,6.1,181
Akola,2017,936,30,49,37,43,4.7,347
Pune,2021,828,28,50,33,24,6.2,306
Aurangabad,2018,509,28,48,35,44,6.1,266
Aurangabad,2019,644,32,27,30,28,4.5,231
Pune,2018,991,23,55,36,30,4.5,354
Aurangabad,2018,343,27,53,25,29,6.8,218
Amravati,2020,807,31,25,44,15,6.3,265
Amravati,2022,1041,32,38,34,38,7.7,337
Kolhapur,2020,937,29,48,50,28,6.8,350
Solapur,2016,634,25,28,21,33,4.8,223
Nashik,2018,795,30,32,23,24,4.0,254
Nashik,2016,320,23,50,30,29,3.2,215
Kolhapur,2021,547,30,48,35,41,5.3,270
Nagpur,2018,1054,33,37,21,30,3.6,312
Nashik,2020,1068,33,32,35,29,5.0,324
Kolhapur,2020,317,30,45,40,23,4.0,214
Solapur,2021,979,29,28,20,43,6.2,293
Solapur,2022,307,32,28,31,35,4.6,180
Solapur,2022,323,32,35,40,17,7.6,192
Nagpur,2019,995,28,29,25,37,3.6,299
Kolhapur,2015,533,31,27,29,42,3.5,222
Nagpur,2021,720,29,36,25,19,7.4,246
Pune,2017,678,27,35,23,27,7.3,241
Aurangabad,2017,397,24,32,40,45,6.2,225
Kolhapur,2016,977,28,49,33,29,5.3,336
Kolhapur,2018,1044,29,39,34,36,3.7,338
Aurangabad,2016,762,31,26,45,36,4.2,279
Solapur,2019,512,28,25,29,41,5.3,214
Akola,2020,758,28,41,40,35,6.1,297
Nagpur,2019,471,30,35,45,40,6.8,246
Kolhapur,2020,1100,23,27,24,33,6.1,309
Nashik,2017,677,32,55,20,24,3.7,270
Aurangabad,2016,706,28,36,42,21,6.8,269
Pune,2021,351,28,37,45,36,5.3,225
Akola,2022,792,27,41,48,18,3.1,299
Pune,2022,252,24,49,30,37,7.9,208
Pune,2020,980,33,25,41,17,3.6,294
Pune,2022,467,24,34,28,39,6.4,219
Amravati,2022,994,30,41,24,39,5.4,321
Nashik,2019,899,28,47,46,34,4.0,341
Pune,2019,818,34,30,47,18,7.1,283
Pune,2020,807,32,43,50,37,4.8,325
Nagpur,2018,755,26,25,32,25,4.6,248
Kolhapur,2020,614,32,55,30,40,3.3,287
Nashik,2016,728,29,29,31,17,7.8,241
Nashik,2019,488,31,37,49,23,5.1,243
Pune,2020,763,25,41,38,34,7.3,294
Akola,2015,504,33,29,47,43,6.7,247
Nagpur,2020,494,25,29,25,22,4.3,195
Amravati,2022,983,29,32,44,29,3.1,322
Akola,2016,522,34,43,35,27,3.6,244
Nashik,2018,606,30,38,35,24,7.0,248
Aurangabad,2016,791,33,53,47,39,3.8,338
Pune,2018,1057,28,37,37,27,3.4,332
Nagpur,2018,421,33,54,27,41,4.0,247
Amravati,2019,457,23,29,47,40,6.4,236
Akola,2016,751,30,39,28,33,4.7,274
Aurangabad,2021,975,27,47,25,27,4.1,319
Akola,2020,549,30,43,26,43,3.3,251
Solapur,2022,964,25,46,29,18,7.0,313
Aurangabad,2021,857,33,51,37,15,5.5,311
Amravati,2018,287,28,43,50,27,4.1,223
Kolhapur,2016,902,28,25,32,35,3.3,283
Nagpur,2018,461,31,29,36,44,7.7,225
Kolhapur,2017,308,34,41,28,41,4.2,205
Solapur,2017,1032,23,31,32,19,3.4,303
Aurangabad,2019,831,27,29,45,31,3.9,292
Kolhapur,2015,616,34,40,37,30,5.3,261
Nashik,2016,1075,24,29,23,28,5.1,303
Aurangabad,2022,425,26,44,33,32,4.9,230
Kolhapur,2019,941,31,34,50,37,3.9,333
Amravati,2022,985,29,31,36,29,3.5,309
Akola,2020,918,30,47,49,39,4.7,353
Kolhapur,2015,534,34,29,47,43,6.7,252
Pune,2015,1089,34,50,49,23,7.6,375
Pune,2019,697,26,32,43,35,6.8,274
Solapur,2017,631,27,27,48,30,4.0,256
Amravati,2019,782,31,28,40,26,6.3,270
Pune,2020,423,27,35,25,45,5.4,214
Akola,2016,774,29,50,42,23,4.7,308
Akola,2016,508,26,51,37,17,3.0,250
Pune,2017,585,23,31,37,34,6.9,243
Akola,2015,593,30,53,39,29,6.8,282
Nagpur,2018,1078,23,29,46,18,7.0,326
Nagpur,2018,943,31,32,23,17,7.4,274
Nashik,2016,328,29,50,20,24,7.9,198
Amravati,2021,266,25,47,26,33,4.8,198
Pune,2022,707,27,28,31,23,3.1,241
Aurangabad,2020,422,27,25,38,15,4.5,187
Akola,2016,596,33,43,37,26,5.5,259
Amravati,2021,577,25,39,46,23,5.7,259
Pune,2020,577,32,35,28,41,4.4,242
Aurangabad,2019,1059,31,40,34,36,3.9,342
Aurangabad,2022,394,23,41,43,33,7.0,234
Pune,2016,704,27,35,37,19,4.9,258
Amravati,2015,444,27,29,30,35,4.4,205
Aurangabad,2018,475,23,46,22,33,4.6,228
Akola,2018,352,27,46,25,44,5.6,220
Aurangabad,2022,1097,33,30,47,30,6.8,344
Kolhapur,2022,746,24,34,48,36,7.3,295
Amravati,2019,325,25,26,21,44,6.0,174
Amravati,2022,842,28,42,33,19,4.0,290
Solapur,2015,683,26,28,23,22,6.7,225
Solapur,2018,442,29,50,20,38,6.9,231
Akola,2016,881,32,36,26,23,5.4,280
Kolhapur,2019,847,33,27,44,16,3.6,277
Pune,2022,444,25,54,30,19,6.6,236
Pune,2020,943,23,49,40,24,4.0,335
Nashik,2019,395,23,43,24,43,6.4,220
Akola,2015,821,28,41,30,25,5.0,286
Amravati,2017,648,23,48,44,40,7.5,300
Solapur,2019,825,33,39,39,24,3.2,294
Kolhapur,2021,991,24,28,25,31,5.4,291
Pune,2022,292,33,27,28,18,4.1,156
Nashik,2016,266,24,52,26,41,7.0,214
Aurangabad,2018,428,29,42,44,25,5.2,236
Aurangabad,2020,892,28,33,28,42,7.7,296
Nashik,2019,865,32,30,45,45,5.5,313
Aurangabad,2017,1071,33,43,21,42,6.4,337
Pune,2017,498,28,28,32,34,4.1,215
Kolhapur,2017,875,29,34,27,22,3.8,276
Pune,2021,936,25,51,40,36,3.8,348
Nashik,2022,328,25,35,24,29,6.4,181
Amravati,2019,598,32,30,47,20,7.3,245
Pune,2015,702,25,49,49,27,6.9,307
Nagpur,2019,943,27,47,23,20,3.6,304
Akola,2019,959,29,35,35,15,5.5,298
Amravati,2016,795,23,55,39,21,4.1,315
Kolhapur,2017,909,26,44,35,18,6.1,308
Aurangabad,2015,391,23,27,36,20,6.0,187
Nashik,2022,333,29,31,29,18,7.7,172
Nagpur,2018,1089,29,46,39,32,5.7,362
Solapur,2015,588,28,43,39,17,7.1,253
Nashik,2015,532,31,31,33,35,5.5,229
Aurangabad,2020,794,24,44,37,40,7.8,309
Pune,2018,1063,33,43,23,27,4.7,325
Aurangabad,2019,430,25,33,41,38,7.0,228
Nagpur,2016,692,24,34,20,15,5.1,227
Pune,2018,827,34,44,42,40,4.1,322
Solapur,2017,283,31,46,20,43,5.1,200
Pune,2019,604,30,32,24,19,7.3,217
Akola,2020,1009,32,50,25,21,7.8,325
Pune,2019,1038,30,51,38,32,7.8,360
Kolhapur,2022,1061,23,32,41,25,7.1,328
Akola,2022,335,25,48,49,15,3.4,228
Akola,2021,926,25,37,36,21,5.1,302
Amravati,2016,675,25,28,49,31,4.3,268
Kolhapur,2017,630,24,42,23,30,4.9,248
Solapur,2016,272,30,28,24,41,4.2,169
Aurangabad,2021,334,33,27,48,39,4.0,211
Aurangabad,2019,857,26,52,45,42,6.7,348
Amravati,2015,588,33,36,29,40,5.5,247
Aurangabad,2016,767,24,39,25,45,5.6,283
Aurangabad,2017,503,24,53,27,29,5.5,249
Nagpur,2022,941,26,44,44,31,4.9,338
Nagpur,2021,1031,24,36,50,33,5.6,350
Nashik,2018,444,28,48,29,45,3.5,247
Solapur,2017,704,33,52,31,17,5.4,279
Akola,2019,827,31,38,30,32,4.5,288
Nashik,2019,1059,31,28,36,25,4.9,313
Solapur,2017,366,32,40,29,17,4.7,193
Solapur,2015,483,25,37,43,28,4.8,238
Nashik,2022,333,29,50,47,34,7.1,246
Kolhapur,2020,818,23,47,26,19,3.4,285
Amravati,2022,838,28,55,35,43,3.6,337
Aurangabad,2017,449,32,55,31,18,7.3,239
Nashik,2019,655,25,43,47,32,5.8,289
Nashik,2018,314,33,29,44,31,5.5,198
Pune,2018,845,24,49,42,33,5.6,328
Pune,2018,603,32,30,34,42,4.8,247
Pune,2015,975,33,29,23,42,7.2,297
Akola,2021,973,33,38,43,21,5.7,322
Pune,2015,1097,30,34,38,45,4.5,352
Nagpur,2022,918,30,52,24,34,6.0,323
Kolhapur,2016,769,23,26,31,40,3.1,264
Akola,2015,401,28,38,36,20,7.8,208
Pune,2017,510,27,25,49,37,4.3,238
Amravati,2015,621,33,30,48,42,5.6,270
Pune,2020,989,26,47,43,18,5.9,339
Nagpur,2016,646,30,42,27,32,3.2,258
Nashik,2018,1097,27,47,34,41,4.8,366
Amravati,2016,852,27,47,47,26,7.1,327
Solapur,2016,271,24,41,49,44,7.8,230
Kolhapur,2020,841,33,46,29,29,7.0,300
Aurangabad,2019,546,24,55,29,35,6.7,269
Nagpur,2018,828,28,51,45,22,6.4,323
Nashik,2020,1001,27,38,25,34,3.6,314
Kolhapur,2019,811,29,41,46,21,7.9,303
Solapur,2019,955,25,32,20,18,6.0,273
Pune,2020,672,31,55,42,16,4.1,293
Akola,2022,590,24,28,22,45,3.3,227
Pune,2015,488,28,44,30,38,7.2,243
Nashik,2021,609,28,43,44,20,3.4,266
Aurangabad,2019,825,31,52,37,27,3.2,318
Pune,2019,279,28,43,32,25,4.2,194
Akola,2020,690,31,55,22,15,4.4,267
Amravati,2017,525,25,48,47,41,6.8,283
Nagpur,2020,537,25,48,39,39,7.7,272
Aurangabad,2020,500,30,33,47,44,8.0,254
Akola,2015,904,24,46,43,19,6.2,322
Akola,2015,492,34,33,44,38,6.5,243
Kolhapur,2016,320,23,53,21,35,6.5,213
Akola,2019,895,25,42,42,31,6.8,323
Akola,2015,374,27,54,22,21,7.3,214
Nagpur,2020,893,32,54,28,38,4.0,331
Akola,2019,543,32,29,37,33,5.1,231
Aurangabad,2020,339,31,36,21,15,3.4,168
Amravati,2017,602,30,30,30,22,3.7,224
Solapur,2016,437,31,45,23,37,4.6,225
Aurangabad,2018,631,32,34,20,25,4.9,225
Akola,2017,611,33,29,33,38,6.0,242
Kolhapur,2015,332,30,37,47,29,3.2,218
Solapur,2015,788,31,31,40,37,4.9,286
Amravati,2021,714,30,45,44,16,3.9,285
Akola,2015,1002,25,29,48,43,7.3,338
Pune,2021,495,28,43,37,24,3.8,239
Kolhapur,2019,1037,24,44,44,25,7.0,349
Solapur,2021,989,32,39,22,27,5.1,303
Pune,2022,513,30,36,31,21,7.2,219
Pune,2018,451,30,29,26,35,5.4,201
Solapur,2017,1033,23,49,42,32,4.6,361
Aurangabad,2019,931,32,29,47,19,7.2,302
Pune,2016,754,25,48,42,21,5.2,299
Amravati,2021,1011,26,52,47,32,7.0,370
Solapur,2015,420,24,37,34,16,7.7,204
Amravati,2019,490,27,41,47,21,6.0,246
Pune,2018,406,29,29,36,43,4.1,214
Kolhapur,2022,499,23,51,50,29,7.3,277
Pune,2021,1038,34,41,23,18,3.3,309
Solapur,2015,489,23,34,32,24,7.0,215
Pune,2018,697,26,34,49,21,5.0,274
Pune,2020,984,31,25,39,22,7.6,296
Nagpur,2015,711,23,29,43,19,3.6,257
Aurangabad,2022,875,26,27,42,45,7.9,305
Aurangabad,2019,638,30,44,40,38,7.4,284
Nashik,2022,1073,33,34,40,33,6.1,340
Aurangabad,2017,879,24,25,50,19,3.9,290
Akola,2020,953,31,42,24,27,4.2,305
Solapur,2015,637,32,55,22,36,3.7,276
Aurangabad,2017,337,25,33,38,44,4.7,212
Pune,2022,903,28,39,39,25,6.6,309
Pune,2016,1030,33,36,47,35,3.8,347
Solapur,2016,812,27,27,34,19,5.1,259
Akola,2022,981,23,50,38,31,7.2,347
Aurangabad,2021,397,26,47,34,25,7.4,226
Akola,2018,348,34,51,37,32,3.7,235
Solapur,2015,922,24,50,41,33,3.3,343
Pune,2016,886,31,33,26,39,4.8,290
Kolhapur,2021,274,30,44,46,15,7.5,206
Nagpur,2019,806,30,34,45,39,5.6,304
Kolhapur,2019,955,24,53,31,29,4.4,336
Nagpur,2017,1027,34,30,20,40,5.5,302
Akola,2022,402,27,29,32,38,7.6,203
Pune,2019,529,34,27,50,32,5.1,242
Nagpur,2017,411,26,42,48,40,7.7,252
Aurangabad,2017,834,27,28,20,31,4.6,256
Nashik,2022,902,34,50,24,33,5.7,315
Pune,2022,1089,30,44,39,41,4.4,366
Solapur,2022,478,32,26,37,42,6.2,222
Nashik,2015,1093,34,26,49,35,7.6,343
Nashik,2016,636,28,44,28,19,4.0,249
Nagpur,2016,737,31,29,21,39,4.1,249
Aurangabad,2017,765,29,28,33,33,6.5,264
Nagpur,2021,501,30,34,27,41,6.7,226
Amravati,2018,799,26,51,26,34,5.4,302
Akola,2020,888,23,43,26,30,4.7,300
Nagpur,2016,733,30,27,43,25,5.6,263
Amravati,2018,949,28,40,32,45,5.2,328
Akola,2022,484,33,31,50,42,5.7,250
Amravati,2017,464,30,31,46,15,4.4,217
Akola,2019,277,34,46,47,25,5.1,220
Amravati,2019,673,29,42,28,21,8.0,254
Aurangabad,2018,271,26,34,35,17,7.6,174
Akola,2022,501,28,33,20,31,6.7,205
Akola,2019,940,25,41,41,28,7.1,325
Amravati,2015,738,26,30,35,15,6.6,249
Akola,2022,646,23,54,37,31,3.6,293
Aurangabad,2016,390,24,38,24,32,6.7,201
Akola,2021,1053,23,52,27,38,3.4,355
Amravati,2017,979,26,26,22,26,6.0,277
Pune,2019,649,26,37,41,16,5.5,255
Kolhapur,2021,411,33,39,40,31,6.4,228
Akola,2021,791,26,34,42,38,7.8,296
Pune,2017,682,26,36,31,15,4.3,244
Akola,2018,620,30,53,41,24,4.3,286
Solapur,2022,481,24,37,41,15,4.2,224
Nagpur,2019,719,24,33,37,42,5.4,278
Aurangabad,2019,585,29,39,47,36,5.1,273
Nashik,2018,658,26,27,39,26,6.2,245
Nagpur,2017,550,29,40,28,16,6.0,224
Kolhapur,2019,551,29,42,44,16,4.6,250
Akola,2021,611,23,25,35,18,7.2,220
Aurangabad,2015,259,23,37,35,22,7.7,182
Amravati,2021,255,29,42,44,39,4.1,218
Amravati,2017,911,29,49,38,17,3.8,320
Amravati,2018,1061,30,37,43,35,4.2,349
Amravati,2021,256,23,31,45,32,7.3,193
Kolhapur,2018,374,25,30,24,43,6.3,193
Aurangabad,2017,914,28,34,41,20,5.7,301
Akola,2020,362,32,36,47,30,6.6,222
Nashik,2022,480,29,54,25,37,4.9,251
Nashik,2019,712,25,32,40,28,6.6,266
Aurangabad,2015,262,25,38,27,28,6.3,178
Pune,2016,309,28,51,29,27,7.9,212
Aurangabad,2015,773,30,35,20,15,6.1,243
Pune,2017,1043,32,35,30,21,3.7,311
Amravati,2020,476,28,52,48,34,7.2,277
Amravati,2022,880,23,54,28,23,3.8,315
Nagpur,2018,1091,23,25,45,33,5.1,334
Solapur,2018,267,28,51,37,31,6.9,219
Kolhapur,2017,487,34,44,30,19,4.3,225
Aurangabad,2019,296,30,41,34,29,4.1,200
Akola,2017,819,29,28,23,43,6.1,268
Akola,2018,567,27,34,37,23,3.1,235
Nagpur,2018,1019,30,48,40,28,5.1,351
Kolhapur,2022,527,31,51,31,37,3.4,263
Kolhapur,2022,902,29,53,36,42,4.0,345
Aurangabad,2021,867,28,53,28,18,6.2,306
Solapur,2021,938,30,52,37,37,4.7,347
Nagpur,2016,1069,33,55,48,20,4.6,376
Kolhapur,2019,834,28,36,20,24,3.8,264
Kolhapur,2015,384,29,27,44,30,7.5,206
Amravati,2016,956,31,29,48,31,3.5,319
Akola,2019,779,31,44,45,20,7.1,300
Solapur,2021,1093,25,49,36,24,7.3,356
Nashik,2015,773,23,29,32,28,7.3,261
Akola,2022,837,29,48,45,33,5.3,329
Akola,2015,1078,25,38,27,34,5.2,330
Akola,2015,734,26,34,33,32,7.5,268
Akola,2020,984,30,50,40,32,3.1,351
Nagpur,2015,501,26,49,33,41,4.6,261
Amravati,2017,677,25,49,41,19,7.9,284
Nashik,2021,991,29,30,25,43,3.6,306
Nagpur,2015,515,25,27,24,28,3.2,200
Solapur,2017,1084,29,30,50,16,7.1,333
Aurangabad,2020,844,33,54,27,17,4.8,302
Aurangabad,2022,695,32,47,21,21,3.1,258
Solapur,2017,697,24,28,39,30,3.3,257
Solapur,2019,1080,31,25,32,39,6.8,319
Aurangabad,2022,1022,23,48,36,30,5.5,347
Nagpur,2022,1026,24,51,46,24,7.1,362
Aurangabad,2018,1090,33,32,42,43,7.7,351
Solapur,2021,458,31,45,24,45,5.8,237
Akola,2021,744,34,53,44,15,3.4,304
Solapur,2021,714,24,34,33,21,6.4,254
Aurangabad,2017,424,26,25,37,32,7.8,201
Solapur,2020,1089,29,42,50,45,7.1,382
Akola,2018,500,32,33,38,23,7.3,223
Nashik,2021,429,32,36,49,37,7.6,243
Kolhapur,2015,762,26,30,34,36,5.6,271
Aurangabad,2018,294,30,33,45,20,4.5,193
Kolhapur,2019,858,24,53,46,44,6.9,353
Akola,2017,675,30,50,47,27,7.5,301
Nagpur,2015,586,25,26,26,45,8.0,229
Pune,2016,901,28,34,24,26,6.9,280
Nashik,2018,473,31,30,48,21,4.2,225
Amravati,2022,721,26,38,30,33,3.6,269
Aurangabad,2017,881,31,42,37,25,7.1,308
Amravati,2017,282,23,55,46,28,4.9,239
Aurangabad,2015,677,31,44,22,37,4.8,265
Nashik,2020,489,29,37,45,35,6.6,249
Amravati,2016,532,25,46,26,38,5.2,249
Pune,2017,375,32,46,29,24,4.2,212
Akola,2020,302,25,41,50,41,5.8,235
Aurangabad,2017,376,27,46,26,29,4.2,212
Nagpur,2020,699,34,37,33,34,5.8,269
Pune,2022,693,31,41,33,22,6.7,264
Nagpur,2017,975,34,45,35,30,6.1,332
Kolhapur,2019,1082,32,32,49,45,5.8,361
Nashik,2016,1090,27,54,28,44,5.0,372
Amravati,2016,638,30,48,36,25,4.8,274
Nagpur,2016,300,23,31,39,20,6.0,182
Akola,2015,560,25,45,29,22,4.4,242
Kolhapur,2015,447,29,30,35,45,5.3,223
Solapur,2017,319,33,26,47,39,5.9,205
Nagpur,2016,798,24,44,31,15,5.5,279
Akola,2017,909,25,27,32,21,4.5,275
Amravati,2018,963,25,29,46,23,7.4,310
Nashik,2015,655,29,42,23,36,4.3,258
Solapur,2020,931,28,31,22,29,6.5,280
Kolhapur,2022,644,25,30,20,43,5.6,236
Amravati,2015,669,23,55,47,31,6.4,313
Akola,2016,569,30,38,20,36,6.2,231
Nagpur,2015,622,31,43,41,28,6.3,271
Akola,2018,633,28,26,34,26,4.7,231
Akola,2022,582,23,31,47,31,7.2,254
Aurangabad,2016,276,29,45,29,18,6.5,187
Pune,2021,1033,28,32,41,23,3.9,321
Pune,2019,891,24,31,26,37,6.0,285
Amravati,2020,257,29,39,29,18,6.4,173
Nashik,2020,255,26,49,27,44,5.9,211
Solapur,2018,362,26,28,46,18,4.4,196
Pune,2015,528,33,51,23,45,4.2,259
Nashik,2018,1071,34,51,41,44,7.1,381
Aurangabad,2017,701,29,26,20,23,6.0,221
Aurangabad,2020,335,26,32,44,45,6.1,220
Aurangabad,2015,470,25,51,48,27,6.0,267
Pune,2022,623,25,38,38,16,5.5,248
Akola,2015,533,33,46,20,18,6.8,222
Kolhapur,2017,758,25,53,45,29,6.4,320
Nashik,2018,678,24,55,30,18,3.5,279
Solapur,2015,1052,29,47,49,21,5.8,361
Pune,2017,941,26,27,29,23,5.4,279
Nashik,2021,555,34,50,25,36,4.8,257
Aurangabad,2021,448,31,49,44,29,3.6,256
Nashik,2017,1042,24,40,47,44,6.4,364
Solapur,2019,508,25,26,50,19,6.0,225
Pune,2015,434,27,30,35,23,6.8,201
Nagpur,2019,650,31,48,29,26,3.3,267
Kolhapur,2017,1001,24,27,43,28,6.2,314
Amravati,2019,1061,29,55,40,43,6.2,384
Pune,2015,532,24,46,27,45,4.2,256
Kolhapur,2020,987,23,25,49,36,3.0,323
Amravati,2022,418,30,34,31,45,4.5,220
Pune,2015,537,34,36,39,33,7.2,245
Solapur,2020,664,27,36,26,44,4.6,260
Aurangabad,2016,980,34,55,50,43,5.9,384
Aurangabad,2022,678,27,51,30,27,5.0,280
Akola,2016,748,24,42,35,27,7.0,283
Aurangabad,2021,290,27,43,37,45,7.6,221
Pune,2015,455,27,36,35,18,3.2,211
Kolhapur,2020,709,25,34,37,20,5.4,258
Pune,2016,256,30,25,43,22,7.0,171
Solapur,2022,307,26,31,35,32,6.8,188
Pune,2020,1062,25,37,50,19,5.5,344
Aurangabad,2015,413,33,47,30,17,3.3,216
Nashik,2022,775,31,42,43,16,6.4,289
Amravati,2021,569,34,33,36,32,3.7,241
Solapur,2017,976,34,43,24,29,4.3,312
Pune,2020,303,26,54,36,22,6.3,221
Nagpur,2019,516,32,38,31,39,7.3,239
Akola,2017,273,28,31,32,24,5.8,171
Aurangabad,2015,498,32,51,39,32,6.0,264
Pune,2022,523,30,45,23,41,7.7,244
Amravati,2017,741,23,49,20,25,3.7,272
Kolhapur,2019,458,23,25,43,22,4.6,207
Amravati,2021,1065,32,50,28,35,3.5,352
Kolhapur,2016,806,27,32,39,23,4.3,277
Solapur,2016,778,23,27,38,37,6.2,275
Solapur,2020,1063,29,33,21,45,7.4,320
Kolhapur,2015,302,31,49,31,29,7.0,212
Nashik,2020,327,23,27,49,42,4.7,213
Aurangabad,2018,721,27,46,41,27,3.7,294
Nashik,2019,488,25,39,27,38,4.6,230
Nagpur,2019,708,28,43,49,26,4.3,296
Kolhapur,2019,1088,27,47,41,32,4.1,366
Pune,2022,836,30,29,42,22,6.8,281
Pune,2018,545,31,55,25,25,7.5,254
Aurangabad,2022,736,34,39,37,20,4.9,272
Nashik,2018,786,27,35,26,27,7.4,265
Akola,2020,585,25,26,42,15,6.0,224
Akola,2019,850,24,33,37,21,7.7,283
Aurangabad,2021,393,34,47,41,40,7.7,248
Akola,2018,354,26,25,33,17,5.9,170
Aurangabad,2020,423,34,32,21,17,4.4,178
Nashik,2018,314,25,25,49,34,6.1,200
