District,Year,Month,Rainfall_mm,Temperature_C,Humidity_Percent,Wind_Speed_kmph
Solapur,2020,8,618,28,79,17
Nashik,2018,6,757,29,65,9
Akola,2018,8,479,27,56,5
Kolhapur,2017,9,608,31,58,11
Nagpur,2017,9,331,26,79,11
Akola,2016,9,710,34,55,10
Akola,2018,8,342,26,76,14
Nashik,2018,6,888,23,55,16
Pune,2018,9,1019,32,61,15
Kolhapur,2015,6,719,31,61,15
Nashik,2015,9,974,27,83,6
Kolhapur,2020,6,259,30,61,11
Solapur,2018,6,923,26,84,15
Amravati,2016,8,375,34,55,11
Nashik,2016,9,534,31,67,7
Nashik,2015,9,460,33,76,5
Nashik,2018,7,1059,27,60,18
Aurangabad,2021,9,900,33,59,9
Pune,2021,8,1042,29,89,16
Pune,2018,9,680,33,70,5
Nagpur,2022,8,649,26,76,11
Aurangabad,2020,7,983,30,70,16
Pune,2021,8,693,26,88,16
Amravati,2021,6,559,31,71,6
Nagpur,2020,6,323,27,58,17
Nagpur,2022,6,885,29,72,14
Kolhapur,2019,9,595,24,81,6
Nagpur,2021,6,992,25,50,13
Pune,2022,7,796,29,62,8
Aurangabad,2019,9,823,28,82,5
Solapur,2016,7,719,34,57,16
Amravati,2015,9,732,28,80,13
Nashik,2018,9,777,25,56,6
Kolhapur,2019,9,456,33,88,15
Nagpur,2015,6,750,28,51,12
Pune,2022,6,251,31,84,10
Pune,2020,9,487,23,56,18
Nashik,2020,7,313,33,57,16
Nagpur,2021,8,728,27,86,17
Akola,2022,8,764,25,57,12
Amravati,2022,7,328,31,66,14
Nashik,2021,7,418,30,63,17
Nagpur,2015,6,422,23,62,10
Amravati,2019,6,649,34,86,8
Akola,2019,8,875,26,53,17
Solapur,2020,6,908,25,64,6
Nashik,2021,9,625,25,55,10
Amravati,2017,6,424,26,79,8
Amravati,2021,7,939,28,52,18
Aurangabad,2015,8,793,32,63,11
Aurangabad,2022,6,588,28,82,15
Nagpur,2022,6,989,23,85,9
Kolhapur,2017,6,847,24,74,5
Akola,2017,6,495,28,50,14
Amravati,2016,9,474,28,83,14
Pune,2019,8,670,31,76,5
Nashik,2022,7,942,28,58,7
Solapur,2018,8,431,23,77,11
Amravati,2019,6,421,25,70,17
Amravati,2019,9,756,26,76,11
Solapur,2015,7,834,23,74,5
Nashik,2015,7,493,30,90,9
Kolhapur,2017,8,776,23,82,10
Kolhapur,2019,9,646,27,53,17
Pune,2021,8,848,26,79,17
Kolhapur,2019,7,540,26,56,15
Pune,2022,6,914,26,67,18
Nagpur,2021,6,895,29,85,12
Nagpur,2020,6,636,28,76,15
Solapur,2018,8,816,33,50,12
Aurangabad,2015,8,725,27,90,8
Amravati,2020,7,581,29,64,12
Aurangabad,2015,9,845,33,69,12
Aurangabad,2018,9,730,25,57,18
Amravati,2019,6,281,31,69,14
Solapur,2015,8,361,24,80,17
Amravati,2020,7,433,28,82,5
Pune,2018,8,516,24,62,11
Akola,2018,7,478,27,76,7
Nashik,2020,7,629,33,50,13
Amravati,2020,6,460,28,56,18
Amravati,2022,8,289,31,81,12
Kolhapur,2020,6,1073,32,58,8
Pune,2020,8,811,31,87,15
Akola,2017,7,568,32,78,15
Nashik,2016,8,481,32,60,14
Akola,2019,9,733,34,52,18
Aurangabad,2020,8,971,34,86,8
Kolhapur,2020,9,633,32,72,11
Akola,2018,6,921,29,64,15
Kolhapur,2015,9,326,24,60,7
Solapur,2020,8,250,34,69,12
Nashik,2020,6,972,28,87,14
Nashik,2016,6,419,24,60,12
Solapur,2017,7,735,28,81,16
Pune,2021,7,539,30,68,10
Nagpur,2015,6,312,23,75,17
Nashik,2015,9,667,25,52,16
Aurangabad,2016,6,364,29,60,15
Pune,2018,9,494,29,56,12
Akola,2019,8,266,25,86,12
Pune,2022,6,1065,30,88,10
Pune,2020,8,899,28,90,14
Nagpur,2022,8,293,32,56,11
Kolhapur,2019,8,721,24,57,15
Aurangabad,2016,6,851,27,78,11
Nashik,2019,6,281,23,63,14
Akola,2016,6,324,25,82,17
Kolhapur,2022,7,785,34,76,13
Akola,2020,8,371,23,80,10
Kolhapur,2021,8,617,27,83,16
Nagpur,2022,9,850,29,54,7
Akola,2015,8,542,26,64,9
Aurangabad,2017,6,811,33,90,14
Solapur,2017,8,429,24,56,11
Nashik,2022,7,707,32,67,16
Solapur,2019,9,1075,24,58,12
Aurangabad,2020,7,796,28,63,6
Pune,2018,7,452,24,79,10
Aurangabad,2022,9,391,31,59,10
Nashik,2018,9,874,23,66,15
Pune,2017,7,668,23,81,10
Nagpur,2015,8,678,32,62,17
Pune,2017,9,900,24,61,14
Kolhapur,2016,7,645,23,62,7
Solapur,2020,9,684,31,59,17
Pune,2021,8,274,29,74,18
Nashik,2022,8,341,33,70,10
Pune,2021,7,677,27,67,12
Amravati,2020,7,681,31,81,12
Pune,2021,6,901,32,67,12
Kolhapur,2022,6,737,34,62,18
Aurangabad,2022,7,938,32,58,8
Aurangabad,2019,6,1091,26,50,6
Akola,2019,9,507,29,55,14
Akola,2015,6,583,31,62,6
Amravati,2015,8,948,26,67,15
Kolhapur,2015,8,790,31,80,6
Aurangabad,2022,8,1056,25,59,8
Amravati,2022,9,352,26,64,17
Akola,2018,9,630,27,73,18
Akola,2020,8,824,25,51,10
Nagpur,2017,8,994,28,78,17
Amravati,2017,7,870,24,78,15
Kolhapur,2021,6,374,23,69,6
Solapur,2019,6,574,34,70,7
Amravati,2018,7,809,32,61,6
Kolhapur,2019,7,624,23,58,13
Aurangabad,2016,6,1085,27,62,13
Amravati,2021,8,405,30,84,15
Pune,2021,9,555,27,79,5
Pune,2015,6,918,25,69,9
Akola,2016,9,863,30,69,13
Nashik,2021,7,266,26,53,7
Solapur,2021,8,1071,24,51,7
Nagpur,2022,6,589,29,52,15
Pune,2022,6,365,33,64,13
Solapur,2020,6,974,33,80,13
Aurangabad,2020,7,449,25,74,13
Aurangabad,2017,8,711,33,56,18
Kolhapur,2016,7,701,24,79,18
Akola,2016,6,1037,32,58,10
Nashik,2019,8,268,28,56,15
Amravati,2017,6,746,27,57,17
Akola,2019,8,863,29,62,11
Amravati,2020,8,715,26,67,13
Solapur,2015,8,269,25,54,18
Nagpur,2021,8,651,25,80,13
Akola,2021,9,885,23,66,10
Nashik,2016,7,368,25,67,17
Akola,2021,6,585,28,85,7
Kolhapur,2022,8,847,23,79,13
Kolhapur,2017,6,800,29,73,17
Kolhapur,2022,8,455,33,60,17
Akola,2016,6,709,31,85,13
Amravati,2016,6,890,25,72,12
Akola,2022,9,709,30,72,10
Nagpur,2021,6,633,34,76,16
Amravati,2017,8,895,30,85,11
Pune,2022,7,673,24,68,17
Aurangabad,2015,6,925,29,85,14
Kolhapur,2021,7,1014,32,84,9
Solapur,2016,9,656,25,54,6
Aurangabad,2017,7,1082,29,69,7
Akola,2017,7,941,27,78,12
Solapur,2019,6,925,34,86,15
Nagpur,2017,9,987,31,54,15
Solapur,2022,7,471,24,58,5
Aurangabad,2019,7,340,33,89,11
Aurangabad,2018,6,523,34,75,9
Nashik,2018,6,359,24,65,9
Pune,2022,7,365,27,76,18
Akola,2018,9,524,34,55,10
Amravati,2018,7,623,30,51,6
Aurangabad,2018,7,507,27,58,5
Kolhapur,2018,8,819,26,61,15
Kolhapur,2019,8,786,30,67,10
Akola,2015,8,637,28,63,11
Solapur,2022,7,680,28,51,7
Nagpur,2018,7,728,29,64,17
Kolhapur,2016,8,527,31,56,13
Aurangabad,2021,6,337,33,66,14
Nagpur,2015,9,548,24,75,14
Kolhapur,2015,7,390,28,75,16
Amravati,2016,7,1088,23,57,13
Nagpur,2017,6,642,31,63,5
Solapur,2016,7,987,29,83,8
Nashik,2018,7,1044,32,71,12
Amravati,2018,8,262,26,60,9
Pune,2020,9,383,25,73,12
Nagpur,2017,9,803,31,51,12
Amravati,2020,7,317,25,74,6
Kolhapur,2016,9,665,28,58,15
Kolhapur,2019,9,729,29,72,13
Nagpur,2017,8,487,24,89,18
Pune,2020,9,418,27,59,14
Pune,2020,8,459,30,88,11
Amravati,2019,9,317,30,86,5
Aurangabad,2015,6,711,23,85,6
Amravati,2021,8,539,33,71,11
Nashik,2017,9,336,25,58,18
Aurangabad,2018,6,936,34,87,8
Nashik,2017,7,490,30,77,8
Nagpur,2019,9,623,24,89,11
Nashik,2022,6,476,29,77,18
Nashik,2018,7,780,26,75,18
Akola,2016,9,584,30,76,7
Nagpur,2018,8,918,29,80,6
Nashik,2019,9,1075,26,63,10
Akola,2020,7,461,26,86,16
Aurangabad,2015,8,906,26,51,16
Aurangabad,2016,8,570,24,66,10
Akola,2016,6,1012,30,88,10
Akola,2020,6,809,31,54,8
Amravati,2020,8,912,28,65,13
Pune,2017,6,539,30,60,8
Nagpur,2022,6,373,24,56,17
Aurangabad,2019,9,438,26,90,9
Nashik,2015,9,383,24,60,17
Kolhapur,2017,9,391,23,76,17
Nashik,2017,6,488,31,78,5
Kolhapur,2017,7,668,23,75,11
Solapur,2016,6,923,25,89,13
Nagpur,2016,8,826,28,84,17
Kolhapur,2022,8,691,33,77,14
Kolhapur,2020,9,745,24,74,15
Pune,2015,7,923,32,82,9
Nagpur,2019,6,890,26,72,5
Solapur,2022,8,995,33,74,11
Solapur,2020,9,618,33,68,9
Solapur,2019,8,443,29,81,8
Nagpur,2018,6,392,29,72,10
Akola,2017,6,634,31,67,18
Nagpur,2016,7,685,33,66,8
Amravati,2015,8,676,27,77,12
Pune,2015,6,1049,33,83,5
Nagpur,2016,7,451,27,85,5
Aurangabad,2020,9,505,31,82,11
Solapur,2019,7,666,25,75,7
Amravati,2018,8,755,33,80,14
Nashik,2020,9,615,34,72,14
Nagpur,2017,9,586,24,55,11
Nashik,2020,6,811,32,74,13
Nashik,2021,7,408,23,54,9
Solapur,2022,8,958,32,74,12
Pune,2021,7,493,34,70,18
Kolhapur,2019,7,1045,33,80,16
Kolhapur,2016,8,768,26,62,17
Nashik,2016,6,727,28,86,7
Solapur,2020,6,380,25,88,14
Kolhapur,2018,7,340,24,62,12
Amravati,2018,8,892,34,80,11
Aurangabad,2018,8,921,25,51,7
Aurangabad,2018,7,526,26,78,8
Pune,2022,8,302,29,57,17
Nagpur,2021,8,781,31,83,14
Aurangabad,2018,8,562,32,58,9
Nashik,2018,6,279,31,55,9
Nagpur,2017,9,570,31,53,17
Akola,2018,8,1010,26,61,5
Pune,2018,7,733,28,90,8
Solapur,2015,8,794,33,76,16
Kolhapur,2021,6,1035,24,85,8
Nagpur,2015,7,365,34,53,10
Solapur,2015,7,787,28,87,15
Solapur,2015,6,795,33,56,18
Kolhapur,2021,7,753,32,64,10
Nashik,2022,6,293,29,50,13
Pune,2015,6,539,27,66,8
Nashik,2021,8,531,23,71,17
Solapur,2016,6,580,30,59,5
Pune,2015,7,789,24,76,13
Pune,2016,7,695,26,73,16
Solapur,2020,7,292,31,88,7
Kolhapur,2020,9,742,27,82,15
Akola,2016,8,914,30,85,6
Amravati,2016,9,958,25,69,16
Solapur,2019,7,263,25,73,16
Akola,2015,9,1041,28,52,9
Nagpur,2022,7,942,29,76,14
Aurangabad,2022,8,948,31,65,9
Akola,2020,8,345,34,64,18
Amravati,2019,6,880,29,57,10
Solapur,2021,7,637,25,63,15
Solapur,2022,7,551,29,79,7
Pune,2018,7,1024,28,79,12
Nashik,2018,8,856,28,83,16
Pune,2016,6,759,29,82,6
Nagpur,2016,8,1015,30,89,8
Solapur,2017,8,989,26,81,18
Solapur,2021,8,914,28,77,9
Aurangabad,2017,8,920,34,58,13
Solapur,2018,9,666,30,63,7
Amravati,2016,8,938,33,57,16
Nashik,2015,7,943,30,64,13
Nagpur,2021,7,1050,27,90,18
Akola,2015,8,590,32,63,9
Solapur,2022,7,684,23,57,18
Aurangabad,2017,7,717,26,52,15
Nashik,2018,6,413,28,61,18
Nashik,2019,6,912,31,85,16
Aurangabad,2019,6,746,33,89,18
Pune,2018,6,753,31,54,18
Kolhapur,2020,9,784,24,71,10
Akola,2020,6,1082,30,84,13
Aurangabad,2016,6,930,31,56,13
Kolhapur,2018,9,950,23,79,9
Akola,2016,7,306,28,57,11
Pune,2015,7,520,31,54,14
Nashik,2021,8,333,29,64,16
Kolhapur,2022,9,472,24,63,10
Aurangabad,2017,9,1085,30,67,17
Kolhapur,2017,7,259,33,58,9
Aurangabad,2021,9,538,28,68,5
Amravati,2017,6,364,31,54,18
Akola,2018,9,372,33,77,18
Nashik,2015,7,728,24,81,11
Amravati,2022,6,399,28,88,17
Aurangabad,2017,7,1056,30,77,14
Aurangabad,2015,7,438,23,51,9
Pune,2019,7,337,24,59,18
Amravati,2020,8,285,28,85,17
Akola,2016,7,806,32,61,10
Aurangabad,2015,9,996,23,63,13
Solapur,2015,9,951,24,75,12
Akola,2020,6,948,26,70,13
Nashik,2019,7,796,25,52,14
Nashik,2020,7,498,32,64,7
Pune,2019,6,1079,26,63,14
Pune,2018,9,747,34,76,13
Aurangabad,2016,9,746,33,68,15
Pune,2021,8,550,29,87,8
Akola,2022,9,859,25,66,7
Kolhapur,2018,6,536,30,78,10
Aurangabad,2016,8,748,29,75,6
Nashik,2017,7,379,27,53,9
Solapur,2017,6,997,27,77,9
Amravati,2020,8,541,28,76,11
Nagpur,2022,6,1039,30,57,18
Kolhapur,2022,7,792,23,76,12
Nashik,2017,6,697,30,85,10
Nagpur,2015,6,941,24,83,5
Aurangabad,2018,9,529,27,58,16
Nashik,2019,9,823,32,67,13
Kolhapur,2022,7,442,30,53,12
Kolhapur,2018,9,630,28,54,13
Amravati,2015,7,624,23,59,18
Pune,2021,7,353,25,90,7
Akola,2018,8,538,33,67,13
Solapur,2016,8,704,24,89,9
Amravati,2020,9,991,33,82,17
Akola,2018,9,1068,26,56,9
Aurangabad,2020,7,806,29,74,11
Nagpur,2022,8,696,28,72,14
Aurangabad,2016,6,774,33,90,17
Pune,2017,6,1022,24,87,14
Kolhapur,2017,9,1071,26,55,15
Akola,2021,9,549,33,61,16
Nashik,2020,7,334,34,64,7
Pune,2018,8,630,25,65,6
Nashik,2020,7,491,33,59,9
Nashik,2020,8,935,25,71,5
Nagpur,2016,8,1016,29,54,9
Pune,2021,7,402,26,69,12
Nagpur,2018,9,574,29,57,16
Akola,2021,9,477,33,75,12
Akola,2018,7,318,29,80,13
Nagpur,2017,9,724,25,70,12
Akola,2020,7,575,33,67,12
Kolhapur,2019,9,852,28,78,9
Solapur,2016,6,694,25,66,12
Solapur,2019,6,265,24,76,10
Akola,2018,6,549,23,70,18
Nagpur,2017,9,704,33,59,17
Aurangabad,2015,9,1043,33,72,7
Solapur,2017,9,562,27,62,15
Nashik,2022,7,1090,30,71,13
Nashik,2020,8,267,30,63,14
Amravati,2015,8,267,27,68,11
Pune,2016,7,1090,34,78,12
Amravati,2022,7,462,32,53,17
Aurangabad,2021,7,636,25,76,18
Kolhapur,2021,8,850,23,59,13
Akola,2015,7,431,34,76,17
Aurangabad,2022,9,421,28,51,7
Aurangabad,2018,6,802,32,60,15
Nagpur,2022,8,323,33,78,10
Nashik,2017,6,422,34,68,11
Solapur,2021,7,743,28,63,7
Akola,2022,9,592,31,50,7
Solapur,2019,7,681,32,73,8
Amravati,2020,6,787,32,65,15
Nagpur,2016,7,256,30,63,14
Amravati,2015,7,344,34,78,11
Nagpur,2021,7,973,29,56,12
Nagpur,2021,8,268,25,57,5
Solapur,2022,6,264,34,51,10
Pune,2016,6,470,30,85,13
Amravati,2019,6,261,30,59,13
Nashik,2021,6,317,26,62,18
Pune,2019,8,455,34,57,12
Solapur,2015,6,982,27,57,16
Akola,2022,6,601,27,59,18
Aurangabad,2016,6,369,25,88,14
Akola,2022,8,408,29,60,7
Nashik,2016,6,292,25,69,13
Aurangabad,2017,9,365,28,73,15
Nashik,2018,7,343,28,66,17
Pune,2018,9,415,30,54,7
Amravati,2020,9,1023,24,75,10
Solapur,2016,9,795,33,63,9
Pune,2018,7,1020,23,85,9
Solapur,2017,6,990,27,83,18
Nashik,2022,6,266,26,65,13
Kolhapur,2018,9,904,24,70,10
Nagpur,2018,6,816,25,58,6
Kolhapur,2019,8,1003,24,75,15
Pune,2017,6,898,32,64,18
Aurangabad,2018,9,531,28,59,5
Pune,2022,8,251,25,77,18
Nashik,2020,9,616,26,59,8
Kolhapur,2018,8,661,30,72,11
Amravati,2020,9,479,25,61,18
Solapur,2017,8,726,34,87,16
Nashik,2020,7,291,31,68,14
Nagpur,2018,7,523,34,53,13
Akola,2022,6,723,32,50,11
Akola,2019,6,353,28,69,18
Nagpur,2020,9,389,28,78,15
Akola,2015,7,454,32,61,13
Aurangabad,2018,7,625,30,61,7
Solapur,2021,6,524,26,84,15
Aurangabad,2022,8,835,32,56,6
Pune,2017,6,851,30,74,5
Nagpur,2017,9,839,26,81,10
Aurangabad,2017,7,469,29,50,11
Solapur,2017,8,739,28,56,15
Kolhapur,2018,7,1034,33,72,12
Amravati,2021,7,325,33,57,6
Nagpur,2016,6,477,25,51,18
Pune,2019,7,1046,23,69,16
Pune,2018,9,984,23,77,5
Akola,2016,7,356,23,50,11
Solapur,2016,9,706,23,55,7
Aurangabad,2020,6,412,27,76,10
Aurangabad,2019,8,981,26,51,12
Nashik,2015,8,838,27,70,7
Solapur,2018,7,773,28,50,8
Nagpur,2016,8,909,23,87,12
Nagpur,2022,9,658,28,58,11
Aurangabad,2015,9,470,23,66,16
Kolhapur,2022,6,957,32,83,14
Akola,2018,9,361,34,88,9
Kolhapur,2019,9,649,25,67,12
Amravati,2019,6,1014,26,57,8
Akola,2019,6,1033,25,81,7
Nagpur,2019,6,549,24,90,12
Pune,2017,9,372,33,55,15
Pune,2022,7,702,29,50,16
Pune,2021,6,639,28,50,11
Pune,2020,9,374,25,75,8
Amravati,2016,9,565,27,60,14
Pune,2022,8,748,24,72,11
Nashik,2022,6,627,33,62,11
Pune,2020,9,607,34,84,11
Nashik,2016,7,485,33,73,5
Solapur,2016,6,659,25,87,9
Akola,2019,7,748,28,85,12
Nagpur,2021,9,610,26,66,18
Solapur,2022,6,455,34,76,9
Nashik,2019,7,858,26,62,5
Solapur,2018,8,793,27,73,17
Solapur,2016,7,313,27,90,9
Solapur,2017,6,888,32,60,13
Nashik,2015,6,622,28,77,13
Amravati,2015,7,821,25,88,10
Akola,2022,7,443,24,56,10
Solapur,2020,9,466,30,60,15
Aurangabad,2020,8,968,30,56,6
Pune,2016,8,755,34,53,5
Pune,2018,7,464,31,74,14
Kolhapur,2020,8,781,33,87,14
Aurangabad,2020,7,283,31,65,12
Kolhapur,2018,9,412,32,55,8
Akola,2022,9,353,29,74,14
Amravati,2018,7,407,26,89,14
Pune,2016,9,741,24,90,15
Nagpur,2020,9,659,25,80,14
Nashik,2017,8,765,28,50,8
Aurangabad,2020,9,1029,31,80,12
Kolhapur,2016,7,823,32,63,18
Nashik,2019,6,1022,23,86,18
Pune,2022,9,712,28,90,14
Nashik,2020,7,638,33,79,7
Nashik,2020,9,763,33,59,7
Akola,2022,8,589,29,77,6
Nagpur,2017,9,723,29,62,5
Pune,2018,9,552,26,74,12
Akola,2021,7,779,34,61,6
Akola,2021,9,795,30,68,16
Solapur,2016,6,430,29,69,11
Nagpur,2020,6,853,33,81,7
Aurangabad,2015,9,439,28,52,8
Kolhapur,2017,8,657,25,73,18
Solapur,2016,8,632,34,75,6
Nashik,2019,7,506,25,88,17
Kolhapur,2015,8,610,26,63,18
Pune,2018,6,777,31,52,9
Nagpur,2017,6,707,25,71,15
Kolhapur,2015,6,948,30,68,13
Akola,2019,7,475,29,90,5
Kolhapur,2022,8,391,27,55,18
Aurangabad,2021,8,933,28,86,17
Pune,2016,6,952,26,85,16
Akola,2019,9,649,23,77,5
Kolhapur,2020,9,692,34,64,17
Akola,2019,6,813,29,60,14
Akola,2021,6,756,26,69,13
Solapur,2015,6,605,32,82,5
Aurangabad,2022,8,362,24,87,13
Solapur,2021,9,824,27,67,10
Aurangabad,2016,9,626,34,72,10
Amravati,2019,9,414,24,87,8
Solapur,2015,8,438,31,77,8
Kolhapur,2020,9,287,31,81,13
Pune,2015,8,905,23,89,12
Nashik,2015,8,326,26,56,9
Kolhapur,2022,7,1024,25,53,6
Nashik,2020,7,789,30,88,10
Kolhapur,2020,6,308,23,68,10
Amravati,2022,6,830,30,66,5
Pune,2017,7,698,24,52,18
Akola,2015,7,274,25,61,16
Nashik,2022,6,733,29,54,15
Solapur,2021,7,854,28,63,14
Akola,2020,8,299,23,89,16
Solapur,2020,6,956,33,89,16
Akola,2021,7,655,34,64,17
Amravati,2017,7,936,34,72,8
Amravati,2021,9,529,32,67,8
Kolhapur,2021,7,1046,23,79,9
Nagpur,2016,6,297,28,75,8
Kolhapur,2016,7,408,24,83,12
Aurangabad,2020,6,629,24,74,5
Nashik,2020,8,922,30,72,7
Nagpur,2017,9,723,29,83,10
Kolhapur,2022,9,484,24,76,14
Amravati,2019,7,1015,31,79,15
Nashik,2016,9,287,30,80,15
Amravati,2020,9,778,23,61,14
Akola,2021,7,681,25,83,13
Solapur,2019,8,686,29,86,13
Solapur,2022,6,715,27,60,9
Aurangabad,2016,8,457,26,67,15
Aurangabad,2017,6,1005,27,58,7
Kolhapur,2017,8,387,26,55,14
Nashik,2019,7,894,32,85,12
Nashik,2016,9,549,29,76,8
Akola,2016,8,420,27,82,12
Nagpur,2016,8,394,34,70,8
Akola,2015,7,743,31,87,10
Kolhapur,2021,7,749,33,73,18
Pune,2016,6,1023,28,62,14
Amravati,2015,8,849,27,61,17
Aurangabad,2018,9,799,25,78,9
Solapur,2019,6,761,33,62,12
Solapur,2021,7,391,34,60,11
Akola,2017,8,776,32,53,6
Nashik,2020,8,487,33,72,12
Kolhapur,2019,8,882,29,69,17
Nashik,2022,7,356,27,76,8
Solapur,2019,8,1049,25,68,10
Kolhapur,2020,9,359,25,51,8
Nagpur,2019,9,305,30,79,16
Solapur,2022,8,537,26,57,13
Solapur,2019,9,1006,32,75,8
Akola,2017,6,769,24,62,10
Solapur,2015,9,440,26,83,7
Pune,2021,7,367,31,81,16
Kolhapur,2015,6,862,25,55,8
Nashik,2022,7,619,29,88,14
Pune,2019,6,302,28,58,18
Aurangabad,2020,9,494,30,61,6
Akola,2018,6,588,23,52,14
Amravati,2022,6,495,30,64,16
Aurangabad,2019,8,374,26,84,17
Pune,2017,8,665,26,55,11
Nashik,2021,8,837,26,67,7
Solapur,2017,6,569,28,78,17
Aurangabad,2015,6,855,33,84,10
Nashik,2015,6,681,31,55,9
Aurangabad,2021,7,1048,26,58,17
Pune,2015,9,331,25,65,8
Akola,2021,7,990,29,86,18
Nashik,2015,9,930,26,86,14
Solapur,2018,6,693,29,77,11
Aurangabad,2020,8,627,33,54,7
Aurangabad,2017,6,574,27,69,6
Nashik,2016,9,943,29,56,5
Pune,2017,8,820,30,90,7
Nashik,2020,6,575,28,56,15
Nagpur,2016,6,588,26,71,14
Akola,2018,7,483,29,57,17
Akola,2016,8,963,34,75,8
Kolhapur,2016,9,253,29,67,15
Amravati,2018,9,568,23,72,14
Aurangabad,2020,9,985,33,90,12
Nashik,2017,6,810,23,69,7
Nashik,2020,9,640,23,55,11
Nashik,2018,9,750,32,63,15
Akola,2020,6,833,34,79,18
Nagpur,2022,8,936,26,85,13
Nashik,2020,7,656,26,72,7
Nashik,2015,6,261,23,64,13
Pune,2020,8,465,24,71,17
Pune,2015,8,406,31,83,16
Nashik,2016,8,368,31,83,9
Kolhapur,2017,7,252,25,82,11
Aurangabad,2017,8,676,24,61,11
Solapur,2017,8,881,24,82,9
Nashik,2022,8,646,34,68,13
Akola,2022,6,614,31,85,7
Akola,2018,7,259,25,76,11
Akola,2015,9,897,29,80,11
Pune,2015,6,710,25,57,15
Aurangabad,2019,7,282,26,65,13
Kolhapur,2021,7,720,25,59,5
Nashik,2017,8,1068,28,62,6
Amravati,2015,8,1048,26,80,12
Akola,2020,6,642,33,82,12
Aurangabad,2015,8,777,31,78,15
Nashik,2018,9,446,26,59,10
Amravati,2018,9,717,30,73,18
Kolhapur,2015,7,1063,29,78,10
Aurangabad,2018,6,522,24,87,11
Pune,2020,9,302,26,78,8
Amravati,2022,7,972,32,56,7
Pune,2016,9,680,25,59,6
Solapur,2022,6,879,28,54,12
Kolhapur,2020,6,874,24,65,12
Nagpur,2018,8,591,32,71,6
Solapur,2018,8,862,24,56,8
Aurangabad,2017,6,816,29,87,17
Amravati,2019,6,354,30,76,6
Amravati,2022,8,782,26,68,5
Amravati,2020,9,1036,32,55,14
Aurangabad,2021,8,568,26,61,15
Nashik,2015,9,988,25,66,16
Kolhapur,2019,6,315,23,53,17
Kolhapur,2019,7,431,30,51,8
Aurangabad,2018,9,522,27,79,9
Akola,2016,6,808,26,74,6
Pune,2022,8,1070,28,67,9
Solapur,2018,9,276,24,82,14
Pune,2019,7,299,31,81,7
Akola,2015,6,559,34,84,11
Nashik,2021,6,727,23,83,11
Nagpur,2015,9,755,24,87,15
Aurangabad,2017,6,785,31,51,15
Akola,2021,7,978,23,81,10
Nagpur,2019,6,949,33,54,17
Pune,2019,8,888,27,62,14
Amravati,2017,8,742,26,77,13
Nagpur,2019,9,662,33,55,15
Solapur,2017,6,550,30,50,7
Kolhapur,2021,9,856,31,83,14
Akola,2022,6,599,29,78,11
Pune,2016,6,787,32,67,15
Akola,2019,8,950,30,86,6
Amravati,2015,8,927,34,73,7
Aurangabad,2016,6,1081,25,74,9
Pune,2022,6,440,25,62,8
Pune,2016,6,342,25,89,10
Pune,2015,9,274,26,90,17
Amravati,2016,8,751,30,63,5
Pune,2021,9,480,31,77,9
Solapur,2018,9,302,26,54,9
Kolhapur,2018,9,933,23,64,13
Pune,2020,9,639,31,78,14
Kolhapur,2021,9,919,27,67,15
Nashik,2019,8,340,29,67,7
Kolhapur,2019,6,812,33,64,18
Akola,2017,7,450,29,51,15
Solapur,2016,9,467,30,74,18
Solapur,2018,6,710,32,87,7
Solapur,2020,7,688,30,55,8
Nashik,2017,6,1038,26,58,18
Solapur,2021,9,905,33,65,16
Solapur,2020,8,1097,26,53,11
Nashik,2021,6,897,24,57,9
Aurangabad,2022,6,672,31,67,5
Solapur,2019,7,1016,30,76,6
Aurangabad,2017,7,584,28,82,13
Pune,2019,8,454,28,63,17
Nagpur,2020,9,588,24,88,16
Amravati,2020,8,1035,24,52,7
Kolhapur,2016,9,824,23,52,8
Nagpur,2022,7,253,26,57,9
Nashik,2016,9,955,32,83,11
Nagpur,2018,8,251,31,66,16
Nagpur,2020,8,258,26,63,5
Solapur,2019,7,498,31,67,17
Amravati,2019,8,969,27,76,17
Solapur,2021,7,851,32,88,7
Solapur,2019,8,750,27,64,9
Pune,2021,6,768,27,86,5
Kolhapur,2022,9,483,31,64,7
Aurangabad,2019,8,784,24,52,16
Kolhapur,2019,7,592,23,50,9
Nagpur,2022,6,1034,23,88,18
Amravati,2018,9,648,27,50,10
Pune,2018,6,610,31,80,13
Nashik,2016,7,685,26,58,10
Nashik,2016,7,672,30,88,8
Nagpur,2019,8,1095,28,77,14
Akola,2019,9,867,25,90,13
Pune,2019,9,681,29,61,6
Amravati,2021,8,497,29,79,16
Akola,2017,6,862,28,65,7
Aurangabad,2022,7,656,28,65,7
Amravati,2022,7,1042,31,56,16
Solapur,2020,9,758,34,59,5
Nagpur,2022,9,460,24,75,5
Solapur,2016,7,709,28,61,12
Kolhapur,2016,9,1090,28,57,13
Nagpur,2015,6,299,24,89,18
Nashik,2021,7,1011,28,61,14
Solapur,2022,7,827,26,88,6
Pune,2015,9,596,31,68,10
Solapur,2015,7,343,23,85,12
Kolhapur,2017,8,831,28,60,12
Kolhapur,2019,6,1035,23,69,16
Kolhapur,2016,6,965,32,64,13
Nashik,2016,6,488,33,62,5
Aurangabad,2016,6,1056,33,69,7
Kolhapur,2019,7,909,23,87,13
Aurangabad,2020,9,838,34,69,11
Pune,2019,9,550,26,83,9
Solapur,2017,7,844,23,68,9
Nagpur,2016,8,384,24,86,15
Nashik,2019,8,1091,30,77,7
Pune,2016,9,330,32,76,12
Amravati,2015,6,567,31,67,7
Aurangabad,2020,6,556,26,59,7
Solapur,2020,6,1099,25,52,6
Amravati,2021,8,996,30,65,7
Nashik,2015,9,1093,30,56,10
Nashik,2022,8,369,30,62,7
Aurangabad,2015,6,891,27,69,8
Pune,2019,7,288,33,50,18
Kolhapur,2022,6,380,27,84,13
Nagpur,2017,6,605,29,51,16
Aurangabad,2018,8,927,26,83,11
Kolhapur,2022,8,366,26,54,16
Nagpur,2017,6,1047,32,74,11
Akola,2020,6,336,29,73,18
Amravati,2022,6,852,30,58,7
Nagpur,2018,6,308,25,82,15
Nagpur,2022,8,898,30,63,6
Aurangabad,2015,8,805,27,75,11
Solapur,2021,6,1031,23,81,11
Akola,2020,7,977,25,88,16
Solapur,2016,8,894,30,80,12
Aurangabad,2016,6,1092,28,62,17
Nagpur,2022,9,710,32,86,10
Nagpur,2020,6,797,33,77,18
Kolhapur,2017,7,1016,29,70,17
Pune,2015,8,259,32,63,5
Solapur,2015,9,854,30,76,10
Aurangabad,2021,8,748,30,87,11
Amravati,2022,6,719,34,87,16
Solapur,2022,9,570,34,58,7
Solapur,2022,7,616,26,73,17
Aurangabad,2021,9,264,28,56,17
Kolhapur,2015,6,423,27,50,6
Aurangabad,2016,9,437,31,54,9
Solapur,2018,8,333,31,63,15
Solapur,2022,7,435,28,75,8
Nashik,2020,6,674,29,72,10
Aurangabad,2020,8,512,33,65,5
Nashik,2022,9,545,34,90,10
Akola,2016,6,437,23,58,8
Aurangabad,2018,7,464,28,72,7
Kolhapur,2020,6,653,34,53,9
Pune,2018,6,385,26,70,18
Solapur,2021,9,1017,24,88,13
Aurangabad,2016,7,906,25,65,13
Pune,2015,6,1007,32,72,16
Aurangabad,2015,7,832,27,56,18
Solapur,2015,6,430,25,66,16
Kolhapur,2015,8,654,28,57,13
Nagpur,2021,6,998,28,76,6
Solapur,2015,7,896,28,88,17
Amravati,2016,8,492,30,69,17
Nashik,2016,6,979,24,51,7
Pune,2015,9,719,26,53,8
Akola,2020,7,1035,28,63,13
Nagpur,2022,8,1007,23,65,12
Pune,2017,9,272,24,83,9
Pune,2019,8,783,28,74,15
Akola,2015,9,678,29,55,5
Solapur,2021,6,278,23,69,16
Pune,2018,9,794,28,56,17
Pune,2021,8,796,28,84,6
Nagpur,2019,7,801,31,59,17
Nagpur,2017,8,518,29,53,13
Pune,2020,7,1084,29,80,16
Nashik,2020,7,761,28,87,9
Amravati,2017,9,879,32,66,9
Akola,2020,8,433,34,68,7
Pune,2018,7,576,30,63,17
Pune,2019,9,357,32,67,10
Amravati,2017,9,902,25,84,5
Amravati,2016,8,761,30,61,17
Aurangabad,2017,8,293,25,67,8
Solapur,2021,6,826,32,87,18
Amravati,2018,6,351,31,61,7
Akola,2018,8,927,28,74,18
Aurangabad,2022,9,581,27,69,12
Nagpur,2021,6,779,26,84,16
Amravati,2020,6,807,33,80,6
Solapur,2016,9,380,32,72,5
Nagpur,2022,9,335,30,64,10
Kolhapur,2015,6,1041,34,63,7
Nashik,2021,7,665,27,60,10
Solapur,2018,8,914,25,71,6
Pune,2017,6,433,33,52,5
Nashik,2016,8,991,33,87,6
Amravati,2021,8,354,29,69,14
Aurangabad,2020,8,250,27,54,10
Amravati,2015,7,718,25,67,11
Kolhapur,2017,9,704,34,73,17
Amravati,2018,9,912,29,65,15
Kolhapur,2021,9,1086,32,89,17
Amravati,2021,9,753,26,80,10
Pune,2022,7,701,30,84,10
Solapur,2019,8,409,29,53,14
Solapur,2018,9,862,30,78,15
Akola,2015,8,748,23,72,16
Aurangabad,2017,9,745,31,82,8
Nashik,2016,9,421,29,83,16
Solapur,2018,7,597,24,67,6
Amravati,2018,9,536,27,69,13
Akola,2021,6,530,25,59,10
Pune,2022,7,505,27,53,14
Pune,2016,7,716,25,85,16
Kolhapur,2015,8,1043,30,52,8
Nashik,2015,9,971,34,90,13
Kolhapur,2019,7,900,33,77,10
Amravati,2022,6,646,25,69,15
Akola,2016,6,407,32,83,5
Solapur,2018,8,582,33,82,13
Nagpur,2015,7,261,25,74,8
Pune,2015,7,677,32,55,9
Nashik,2015,7,351,33,80,12
Akola,2017,6,519,25,80,15
Amravati,2021,7,678,33,52,15
Solapur,2022,7,1082,31,79,8
Aurangabad,2017,7,504,34,84,5
Nashik,2017,7,838,33,90,5
Nagpur,2018,7,874,33,74,17
Nagpur,2017,7,848,24,55,13
Aurangabad,2019,6,580,23,88,14
Kolhapur,2018,6,766,26,62,13
Kolhapur,2017,6,485,27,89,7
Kolhapur,2021,9,480,29,58,11
Aurangabad,2022,6,830,24,90,13
Akola,2015,9,559,31,71,7
Amravati,2016,8,392,30,85,8
Nagpur,2015,9,264,26,54,18
Nashik,2016,9,967,30,65,5
Pune,2019,6,342,33,62,10
Kolhapur,2016,8,1072,28,67,14
Solapur,2022,8,489,32,85,13
Aurangabad,2017,7,562,24,83,15
Amravati,2016,8,825,33,72,10
Nagpur,2022,6,892,27,80,12
Amravati,2015,6,553,28,67,11
Nashik,2016,7,645,26,76,12
Akola,2016,7,890,31,74,8
Nashik,2017,6,731,29,85,9
Kolhapur,2015,8,768,29,61,8
Amravati,2022,6,257,28,56,9
Pune,2021,6,961,24,57,16
Kolhapur,2019,6,785,25,61,7
Akola,2015,9,475,34,69,14
Akola,2017,8,624,23,83,15
Pune,2017,8,634,23,52,5
Amravati,2015,9,859,34,77,12
Akola,2022,7,507,23,79,6
Pune,2017,6,421,25,90,18
Solapur,2016,7,1028,23,62,10
Pune,2018,7,500,26,82,8
Solapur,2016,9,398,24,78,13
Pune,2020,8,663,34,78,8
Kolhapur,2019,6,560,26,62,18
Amravati,2021,8,414,34,70,10
Akola,2022,7,404,32,62,7
Solapur,2021,6,446,23,67,11
Pune,2020,6,297,34,51,8
Amravati,2019,7,899,33,73,5
Aurangabad,2016,9,608,24,81,13
Amravati,2016,7,987,23,59,17
Amravati,2017,9,483,30,79,13
Pune,2016,7,755,34,87,16
Amravati,2018,7,724,32,75,12
Solapur,2021,8,473,26,68,11
Nashik,2021,6,428,25,58,14
Amravati,2018,8,374,28,87,10
Akola,2019,8,731,24,87,8
Kolhapur,2019,6,500,32,73,15
Nagpur,2022,8,1030,23,67,5
Nashik,2015,8,745,25,85,13
Aurangabad,2019,9,827,27,59,12
Akola,2015,8,293,28,55,13
Kolhapur,2018,7,810,34,51,15
Amravati,2015,6,639,25,57,10
Amravati,2019,8,253,30,54,16
Nashik,2015,7,948,31,90,15
Nagpur,2018,9,502,23,88,9
Nagpur,2021,7,1097,30,76,8
Akola,2021,8,814,27,58,7
Amravati,2016,6,819,33,62,10
Akola,2021,6,452,32,76,14
Nagpur,2017,6,759,25,55,17
Aurangabad,2017,8,337,23,66,8
Amravati,2021,7,555,32,79,6
Amravati,2016,8,255,23,83,16
Akola,2021,7,944,23,68,10
Kolhapur,2016,9,298,33,62,5
Amravati,2020,9,1078,23,83,7
Aurangabad,2018,7,602,28,57,16
Amravati,2017,8,315,24,75,6
Kolhapur,2016,8,741,26,73,16
Kolhapur,2018,8,816,34,52,5
Akola,2016,9,308,29,60,17
Solapur,2019,7,517,26,76,15
Aurangabad,2018,6,767,30,56,11
Kolhapur,2017,7,802,23,62,16
Aurangabad,2019,9,899,33,71,7
Pune,2021,7,727,26,59,11
Akola,2020,6,968,23,87,9
Aurangabad,2015,9,706,33,79,10
Amravati,2019,8,953,31,66,9
Nashik,2019,6,395,25,60,14
Solapur,2021,7,965,33,78,13
Nashik,2018,9,985,23,60,9
Pune,2021,8,722,27,74,11
Amravati,2022,7,1069,30,73,12
Solapur,2022,6,270,28,57,6
Solapur,2019,6,935,24,67,13
Pune,2021,7,462,25,85,12
Solapur,2018,7,724,29,70,7
Nashik,2019,8,537,34,70,17
Aurangabad,2016,9,675,32,69,12
Nagpur,2015,6,686,28,67,14
Nashik,2021,7,365,24,54,9
Nashik,2018,9,453,28,75,14
Pune,2016,6,290,27,53,5
Nagpur,2015,8,562,32,81,7
Amravati,2019,8,551,25,60,11
Nashik,2017,6,878,25,77,6
Akola,2017,8,1040,28,53,17
Nashik,2017,8,566,33,82,6
Nashik,2017,8,399,23,74,16
Nashik,2015,8,839,27,65,11
Amravati,2016,9,988,33,73,7
Aurangabad,2021,8,367,26,74,17
Aurangabad,2020,8,677,30,89,6
Solapur,2017,8,968,29,65,17
Kolhapur,2016,7,766,34,82,10
Pune,2020,7,271,27,50,12
Kolhapur,2018,8,466,29,82,5
Aurangabad,2017,6,524,31,60,6
Amravati,2017,9,759,23,58,14
Aurangabad,2020,7,616,24,89,12
Aurangabad,2020,8,784,32,57,18
Solapur,2018,6,389,30,63,7
Nashik,2016,8,879,27,80,13
Solapur,2015,9,819,23,51,11
Kolhapur,2019,9,585,29,71,5
Amravati,2018,7,715,24,54,8
Nashik,2015,7,812,24,80,9
Akola,2021,6,862,31,65,16
Amravati,2017,7,884,31,69,14
Nashik,2016,9,511,28,75,9
Nashik,2018,7,347,27,60,7
Kolhapur,2021,7,303,27,84,17
Nashik,2020,9,957,34,78,12
Pune,2022,6,367,24,51,8
Nagpur,2016,6,516,25,53,12
Amravati,2017,6,400,25,77,13
Solapur,2021,7,956,23,53,10
Amravati,2018,9,654,33,61,18
Aurangabad,2018,6,591,34,70,17
Akola,2016,9,789,31,78,14
Nagpur,2017,6,657,28,66,8
Aurangabad,2022,6,1082,26,56,10
Nashik,2021,8,592,28,64,14
Nagpur,2022,8,921,23,52,6
Aurangabad,2022,8,777,31,84,11
Aurangabad,2019,7,885,23,58,15
Nashik,2020,6,826,29,89,5
Akola,2015,8,572,29,50,17
Nashik,2015,9,411,34,89,17
Akola,2019,8,559,28,79,14
Akola,2021,8,727,29,66,13
Nagpur,2019,8,478,28,84,17
Solapur,2022,8,511,27,78,11
Solapur,2017,7,338,28,86,6
Amravati,2021,8,567,26,70,13
Kolhapur,2021,7,421,23,59,9
Nagpur,2018,9,837,32,67,14
Akola,2019,8,376,27,88,5
Nashik,2021,8,909,25,90,7
Nashik,2021,7,689,26,66,8
Amravati,2019,6,803,29,65,16
Kolhapur,2022,6,929,27,59,5
Akola,2021,9,870,34,57,18
Amravati,2019,7,680,28,67,17
Solapur,2018,7,485,25,67,9
Akola,2022,6,271,27,89,12
Aurangabad,2017,9,959,24,62,10
Kolhapur,2022,6,1090,30,59,14
Pune,2022,8,727,28,54,17
Solapur,2018,7,262,33,84,10
Nashik,2016,8,868,28,54,17
Kolhapur,2022,6,474,26,56,7
Aurangabad,2018,9,250,26,70,17
Nagpur,2022,9,595,34,80,12
Pune,2015,7,902,28,88,7
Solapur,2019,8,950,27,73,5
Nashik,2017,6,1030,31,87,16
Amravati,2016,9,753,27,86,13
Pune,2021,6,964,34,61,15
Kolhapur,2016,7,967,28,82,15
Kolhapur,2018,9,529,32,67,11
Nashik,2022,9,1039,32,56,11
Solapur,2018,8,481,27,75,5
Kolhapur,2016,9,714,30,77,17
Pune,2016,8,903,27,88,17
Solapur,2020,7,647,31,56,17
Nagpur,2021,6,437,24,79,9
Kolhapur,2020,8,304,34,89,12
Pune,2015,9,959,34,84,8
Solapur,2015,9,388,23,77,16
Nagpur,2022,6,322,25,86,7
Aurangabad,2015,8,1082,26,63,15
Pune,2015,6,786,31,76,17
Pune,2022,8,442,28,87,8
Pune,2015,9,968,23,76,18
Amravati,2015,6,473,24,65,12
Pune,2019,6,373,26,62,15
Akola,2018,9,338,24,70,16
Pune,2017,9,947,23,87,17
Aurangabad,2015,8,691,32,80,5
Aurangabad,2016,9,360,24,88,16
Aurangabad,2018,6,322,26,74,13
Kolhapur,2022,6,740,27,72,9
Aurangabad,2020,6,847,24,64,8
Nagpur,2019,6,858,31,89,9
Solapur,2022,8,676,32,90,12
Akola,2017,8,957,24,69,16
Akola,2021,8,341,34,78,16
Kolhapur,2015,6,252,31,86,5
Amravati,2017,6,645,32,68,16
Solapur,2015,7,470,34,54,5
Pune,2020,9,327,34,64,8
Amravati,2017,6,416,27,62,10
Amravati,2017,7,1029,24,87,14
Akola,2020,9,260,34,79,7
Aurangabad,2015,9,304,34,55,6
Amravati,2019,6,491,31,79,12
Amravati,2016,7,258,27,53,16
Akola,2019,6,822,33,63,17
Akola,2021,7,1046,25,86,7
Aurangabad,2017,9,303,29,56,5
Nagpur,2018,9,573,27,88,6
Akola,2022,8,937,24,58,13
Kolhapur,2019,6,813,25,86,12
Nashik,2018,8,545,30,50,12
Kolhapur,2018,7,255,31,63,18
Amravati,2018,7,359,34,82,12
Pune,2018,8,741,34,53,11
Kolhapur,2021,7,1058,30,53,5
Aurangabad,2016,8,879,33,67,16
Amravati,2019,9,348,33,86,10
Nagpur,2019,7,433,26,73,7
Akola,2018,7,536,24,59,13
Akola,2015,8,324,23,70,18
Kolhapur,2018,6,923,23,59,6
Akola,2016,7,483,23,73,10
Aurangabad,2016,7,363,25,79,6
Kolhapur,2017,9,824,33,78,6
Nagpur,2018,6,669,27,87,6
Nashik,2021,8,442,23,55,7
Aurangabad,2021,9,1046,27,76,16
Akola,2015,8,610,31,61,8
Solapur,2018,7,1035,26,62,9
Akola,2018,8,356,24,67,7
Solapur,2017,8,419,32,62,17
Pune,2018,6,1094,26,61,16
Pune,2021,7,675,29,66,18
Pune,2017,7,941,24,53,9
Nashik,2020,6,931,23,63,13
Akola,2019,9,841,28,71,18
Nashik,2017,7,431,31,88,13
Aurangabad,2017,8,467,33,67,16
Nashik,2022,9,545,28,61,17
Aurangabad,2022,8,473,24,67,12
Nagpur,2017,6,765,30,83,11
Aurangabad,2018,8,281,33,84,17
Pune,2018,6,458,24,59,12
Nashik,2022,7,733,25,72,18
Akola,2020,6,592,31,66,16
Aurangabad,2017,8,783,29,77,11
Pune,2017,9,879,29,53,8
Akola,2018,8,769,27,62,8
Solapur,2020,8,355,29,80,17
Akola,2018,7,644,24,67,6
Amravati,2017,8,1024,27,79,9
Nashik,2015,9,526,26,58,11
Kolhapur,2022,8,624,28,69,9
Pune,2017,6,603,29,65,11
Nagpur,2018,8,635,24,72,13
Aurangabad,2016,7,1035,23,60,7
Kolhapur,2022,9,454,25,64,17
Aurangabad,2015,7,1022,27,75,16
Amravati,2020,9,685,24,50,13
Kolhapur,2017,6,404,29,69,16
Akola,2022,9,644,33,76,10
Nashik,2022,9,513,34,50,7
Aurangabad,2017,8,1070,30,66,7
Amravati,2019,7,738,30,64,10
Solapur,2018,8,1022,30,61,6
Solapur,2018,6,418,26,83,13
Pune,2016,6,601,32,88,8
Kolhapur,2022,9,1044,31,51,14
Amravati,2015,8,455,25,66,7
Pune,2018,8,677,27,89,14
Nagpur,2019,8,1030,25,78,6
Nashik,2019,7,597,33,68,6
Amravati,2020,6,924,25,65,5
Amravati,2016,7,670,30,65,15
Aurangabad,2018,8,437,30,78,15
Akola,2018,6,400,28,74,14
Amravati,2018,9,302,33,71,15
Nagpur,2015,6,837,30,73,8
Aurangabad,2016,6,712,34,74,17
Amravati,2016,6,875,23,84,18
Akola,2017,6,452,31,67,9
Pune,2022,6,882,32,63,8
Kolhapur,2019,8,601,30,63,9
Akola,2020,9,495,31,80,7
Nagpur,2019,8,295,33,78,16
Solapur,2019,9,256,27,57,7
Solapur,2015,7,974,32,78,9
Nashik,2016,9,722,28,55,13
Solapur,2021,8,450,29,73,13
Kolhapur,2022,9,407,25,82,13
Solapur,2019,8,610,34,85,8
Aurangabad,2017,6,982,32,88,12
Pune,2016,7,376,30,55,18
Nagpur,2019,9,1044,23,84,8
Solapur,2019,7,422,30,59,9
Kolhapur,2018,9,714,30,66,17
Pune,2016,8,1071,28,82,11
Solapur,2021,6,289,29,88,5
Amravati,2020,8,613,26,61,12
Nagpur,2020,8,331,24,83,7
Amravati,2019,6,770,25,53,10
Amravati,2016,9,568,33,61,9
Nagpur,2016,7,794,26,79,7
Kolhapur,2018,6,741,29,59,15
Nagpur,2015,6,440,30,81,14
Solapur,2022,8,1097,30,63,11
Nagpur,2018,7,361,24,67,8
Akola,2016,7,344,24,81,8
Kolhapur,2017,9,289,28,74,9
Amravati,2019,7,338,34,87,6
Akola,2015,9,453,31,58,8
Amravati,2021,9,905,32,82,14
Akola,2016,6,1025,30,86,9
Akola,2015,9,725,27,79,16
Amravati,2020,6,595,29,89,15
Amravati,2018,6,634,31,68,11
Aurangabad,2021,6,650,27,63,7
Solapur,2016,8,708,27,52,6
Akola,2018,6,471,28,75,16
Kolhapur,2017,9,695,29,67,13
Pune,2016,7,326,31,84,14
Amravati,2018,7,1071,33,73,6
Aurangabad,2017,7,898,23,78,15
Pune,2017,7,460,23,55,8
Amravati,2015,6,618,31,74,13
Nashik,2018,7,697,25,79,10
Aurangabad,2022,6,266,28,68,15
Nashik,2015,6,411,26,73,7
Nashik,2017,6,756,32,60,8
Nagpur,2021,9,694,23,73,18
Amravati,2016,9,501,28,80,16
Amravati,2019,7,883,33,61,16
Amravati,2016,6,467,28,51,9
Nashik,2020,9,1045,25,83,14
Solapur,2021,7,979,25,86,17
Amravati,2019,7,442,34,89,15
Amravati,2022,9,802,24,83,11
Amravati,2021,6,484,26,50,18
Solapur,2019,9,1068,34,50,14
Aurangabad,2020,6,758,30,88,5
Aurangabad,2021,8,381,24,65,17
Amravati,2020,9,918,24,55,16
Solapur,2020,7,996,33,75,10
Kolhapur,2015,9,338,30,86,5
Solapur,2020,8,533,27,67,16
Amravati,2015,9,1069,31,89,6
Solapur,2016,7,804,33,70,7
Aurangabad,2022,6,646,25,72,13
Aurangabad,2015,8,651,34,78,14
Kolhapur,2018,6,745,30,88,16
Amravati,2020,7,1070,27,76,11
Kolhapur,2015,7,321,27,61,8
Aurangabad,2019,8,406,23,87,6
Nagpur,2016,8,482,32,68,14
Nashik,2018,7,773,25,57,14
Pune,2022,9,470,30,84,13
Amravati,2020,8,979,34,84,7
Amravati,2022,6,1043,32,62,6
Nashik,2017,8,503,27,51,5
Nashik,2020,8,882,34,76,8
Aurangabad,2016,6,982,26,63,16
Kolhapur,2016,7,803,27,60,5
Pune,2022,6,390,24,68,12
Nashik,2016,6,266,23,63,8
Nagpur,2018,7,441,25,90,14
Nashik,2015,6,368,33,84,11
Solapur,2016,7,485,29,64,14
Nagpur,2020,7,569,24,80,5
Akola,2017,6,641,24,54,10
Aurangabad,2019,8,806,24,67,16
Nashik,2020,8,531,29,75,6
Kolhapur,2015,6,944,28,69,11
Akola,2020,9,632,28,51,5
Nagpur,2020,8,1084,24,50,12
Solapur,2017,9,931,27,69,6
Nagpur,2015,6,282,29,83,16
Kolhapur,2017,6,279,23,72,12
Nagpur,2018,9,571,33,54,15
Solapur,2020,8,274,28,74,12
Akola,2017,7,878,23,60,12
Nagpur,2022,9,588,25,63,16
Pune,2018,6,922,28,63,5
Solapur,2022,9,1063,29,82,8
Nagpur,2021,8,356,29,80,7
Kolhapur,2020,9,594,33,67,18
Kolhapur,2019,8,749,33,74,6
Kolhapur,2019,9,638,33,89,14
Solapur,2018,7,378,29,85,8
Kolhapur,2019,9,952,25,55,10
Amravati,2021,6,1003,28,74,9
Nashik,2017,8,268,27,66,14
Aurangabad,2017,8,334,32,69,9
Solapur,2022,6,949,23,53,5
Akola,2021,6,859,34,57,12
Solapur,2018,7,748,31,85,10
Pune,2017,6,305,32,75,5
Nashik,2015,7,621,32,66,12
Kolhapur,2022,6,567,24,66,10
Nashik,2019,6,1011,27,59,17
Solapur,2015,6,538,24,54,14
Akola,2017,9,860,34,50,17
Amravati,2022,6,530,27,87,18
Pune,2015,7,1063,28,90,15
Kolhapur,2022,9,305,32,59,6
Pune,2022,9,765,26,60,14
Kolhapur,2021,6,552,23,64,7
Aurangabad,2021,8,599,23,62,7
Aurangabad,2021,8,451,28,65,16
Pune,2019,8,418,32,57,17
Akola,2019,8,1092,27,53,11
Amravati,2020,8,583,25,57,5
Nagpur,2021,9,254,26,70,5
Akola,2018,6,717,24,56,12
Aurangabad,2020,6,251,23,51,17
Pune,2017,9,778,32,80,5
Kolhapur,2015,7,600,29,86,17
Pune,2019,9,470,26,80,13
Amravati,2022,6,268,30,78,12
Akola,2021,6,398,25,56,17
Nagpur,2017,7,681,26,70,5
Solapur,2022,7,461,32,85,5
Nashik,2017,9,620,34,59,6
Solapur,2016,6,697,31,61,17
Solapur,2017,7,603,34,80,7
Aurangabad,2022,6,661,32,56,16
Amravati,2022,7,719,27,65,17
Akola,2016,9,427,23,82,9
Nagpur,2017,8,824,33,75,18
Nagpur,2016,8,888,33,59,17
Akola,2019,7,795,28,76,13
Kolhapur,2022,7,1083,27,58,8
Akola,2020,9,879,30,50,14
Amravati,2016,9,1009,31,67,10
Aurangabad,2019,8,474,27,65,13
Nashik,2020,7,552,25,72,11
Pune,2019,6,553,27,58,5
Solapur,2019,6,792,34,64,15
Nashik,2017,6,666,26,54,8
Nagpur,2022,7,771,24,50,17
Kolhapur,2020,6,625,23,73,13
Nagpur,2015,8,1035,24,64,18
Nagpur,2017,7,536,23,68,18
Nashik,2015,7,421,24,65,5
Nashik,2016,9,629,32,83,13
Nashik,2015,7,692,30,83,9
Nashik,2019,9,823,25,74,13
Nagpur,2022,9,610,28,78,7
Akola,2018,6,1091,33,86,17
Nashik,2017,6,300,32,60,7
Pune,2017,6,709,26,56,13
Solapur,2016,9,345,30,84,14
Solapur,2016,7,512,26,55,8
Akola,2015,6,432,28,77,14
Amravati,2018,7,996,34,72,7
Akola,2019,8,814,25,63,7
Aurangabad,2020,6,957,26,83,17
Solapur,2021,6,432,27,75,15
Nagpur,2018,8,343,28,58,7
Amravati,2017,6,344,32,78,11
Kolhapur,2020,9,509,24,68,6
Pune,2019,9,569,27,76,14
Akola,2017,8,1017,32,72,6
Nagpur,2022,8,628,30,76,11
Aurangabad,2022,9,840,28,75,7
Pune,2015,9,364,27,59,7
Kolhapur,2021,6,372,29,83,8
Solapur,2022,7,252,30,62,16
Amravati,2018,8,504,32,61,11
Nagpur,2016,9,813,29,71,7
Nagpur,2018,7,647,23,57,12
Aurangabad,2019,9,370,32,81,5
Aurangabad,2015,9,1082,30,61,17
Akola,2020,6,476,28,70,9
Aurangabad,2017,7,1022,34,89,15
Kolhapur,2018,9,337,23,70,7
Amravati,2021,8,310,31,69,11
Pune,2022,9,567,32,75,6
Aurangabad,2018,6,720,30,83,8
Pune,2022,7,370,27,85,11
Amravati,2015,6,386,31,72,15
Akola,2015,8,321,30,58,12
Akola,2016,7,345,31,75,6
Akola,2015,7,917,34,73,9
Solapur,2019,8,1007,26,82,12
Nashik,2022,6,815,30,86,5
Solapur,2015,9,1028,24,88,9
Aurangabad,2022,9,296,34,79,11
Nashik,2021,8,304,29,86,10
Kolhapur,2018,6,639,25,88,5
Aurangabad,2022,7,375,33,66,13
Amravati,2017,7,945,24,73,9
Nashik,2015,9,801,31,66,10
Solapur,2015,8,507,31,71,18
Pune,2019,8,336,28,90,10
Nagpur,2020,6,492,29,64,17
Aurangabad,2021,9,256,26,74,7
Nagpur,2019,7,1081,29,70,18
Nashik,2021,7,422,28,72,7
Solapur,2019,7,960,24,69,18
Amravati,2021,6,804,27,57,11
Nashik,2021,9,468,33,90,5
Amravati,2019,9,398,33,90,15
Pune,2019,7,482,34,84,9
Kolhapur,2019,9,398,32,83,13
Pune,2021,9,898,31,52,9
Kolhapur,2022,7,813,28,54,6
Solapur,2016,9,520,25,58,15
Amravati,2015,7,671,34,65,17
Nashik,2016,6,507,26,65,6
Akola,2017,6,324,25,79,7
Nashik,2022,7,357,23,76,7
Nagpur,2019,9,409,32,77,14
Nashik,2017,9,498,33,55,17
Akola,2022,9,482,30,50,6
Solapur,2017,9,526,34,75,16
Kolhapur,2020,8,289,34,73,11
Nagpur,2018,9,414,29,59,6
Kolhapur,2020,8,309,29,65,17
Nagpur,2020,7,990,29,57,16
Amravati,2022,9,494,23,60,12
Pune,2018,6,470,28,63,7
Amravati,2017,6,695,30,60,13
Aurangabad,2022,7,465,23,50,14
Nashik,2020,6,445,27,55,8
Aurangabad,2015,7,862,23,76,12
Kolhapur,2021,8,299,31,68,14
Kolhapur,2019,6,431,28,70,11
Akola,2020,6,989,25,61,17
Akola,2022,8,873,30,81,7
Akola,2022,9,261,29,81,18
Nashik,2016,7,335,30,90,13
Aurangabad,2020,8,480,34,56,14
Akola,2021,6,435,26,73,6
Kolhapur,2017,9,1060,29,90,8
Amravati,2020,7,1081,27,52,18
Aurangabad,2018,8,1024,33,81,6
Nagpur,2022,6,1022,27,77,7
Akola,2019,6,888,24,87,18
Nashik,2016,6,1034,32,55,17
Nashik,2022,6,563,23,86,9
Aurangabad,2019,6,359,32,69,10
Pune,2019,7,834,26,90,7
Solapur,2015,8,978,33,75,5
Nashik,2015,8,817,23,66,13
Pune,2021,8,780,28,70,12
Aurangabad,2019,9,993,28,53,16
Kolhapur,2021,7,291,29,80,10
Pune,2018,6,671,33,86,11
Nashik,2022,9,714,26,78,12
Nagpur,2021,9,264,26,76,9
Nagpur,2021,7,682,25,90,11
Akola,2016,6,1021,31,79,6
Akola,2016,6,902,26,59,15
Kolhapur,2021,9,806,24,71,8
Nashik,2018,8,300,32,86,18
Pune,2020,7,441,30,88,10
Solapur,2017,7,911,24,75,14
Nashik,2015,6,759,26,60,7
Nagpur,2015,9,1032,34,58,11
Kolhapur,2020,6,1072,26,81,9
Aurangabad,2017,7,322,24,54,12
Pune,2015,9,493,32,78,9
Solapur,2020,7,939,28,62,15
Nagpur,2022,7,361,33,55,15
Kolhapur,2022,6,705,24,57,17
Pune,2018,8,927,28,76,9
Pune,2020,6,1051,27,71,16
Kolhapur,2021,7,915,25,60,8
Kolhapur,2020,9,1044,34,67,17
Amravati,2022,6,721,31,58,7
Pune,2017,6,595,25,53,7
Solapur,2018,9,349,34,68,5
Aurangabad,2019,9,457,26,55,7
Nagpur,2022,6,773,26,69,6
Pune,2018,7,795,26,70,5
Akola,2015,8,972,34,73,10
Kolhapur,2015,8,830,26,65,7
Akola,2015,8,435,34,54,10
Solapur,2020,8,780,29,54,8
Nagpur,2016,7,257,27,64,11
Pune,2019,6,600,26,73,6
Amravati,2021,7,983,24,64,9
Aurangabad,2021,8,509,33,80,14
Kolhapur,2020,8,472,28,74,5
Nashik,2021,9,805,33,76,10
Nashik,2019,9,777,34,80,13
Amravati,2015,7,590,27,83,7
Akola,2022,7,549,25,83,9
Aurangabad,2016,6,860,27,70,18
Kolhapur,2019,6,438,23,90,9
Akola,2016,7,856,32,83,14
Nashik,2022,6,706,29,59,14
Akola,2017,9,743,30,62,18
Solapur,2020,7,972,23,50,7
Aurangabad,2020,9,478,24,84,7
Nashik,2020,8,442,33,81,10
Nagpur,2017,6,473,25,86,17
Aurangabad,2017,7,534,33,75,6
Nashik,2021,9,635,29,51,7
Solapur,2015,6,642,24,86,8
Akola,2018,8,994,26,59,7
Nashik,2019,9,544,29,69,16
Nashik,2019,7,1017,30,76,9
Pune,2021,8,593,31,81,6
Kolhapur,2022,8,577,25,75,9
Pune,2018,9,658,30,85,8
Amravati,2016,7,896,27,56,17
Kolhapur,2020,6,889,26,86,13
Akola,2015,6,934,32,85,14
Aurangabad,2020,9,326,29,89,18
Kolhapur,2018,8,392,26,73,5
Pune,2022,6,756,25,77,15
Aurangabad,2021,8,291,26,52,5
Akola,2018,8,366,29,81,5
Nashik,2018,7,785,33,73,11
Kolhapur,2019,8,633,27,56,12
Pune,2016,7,290,26,65,7
Nashik,2016,9,631,32,78,6
Solapur,2018,8,861,33,52,10
Aurangabad,2017,7,1040,24,78,10
Nashik,2021,8,337,25,53,7
Akola,2019,8,668,33,71,7
Aurangabad,2020,9,495,32,67,5
Amravati,2018,6,993,29,73,16
Nashik,2016,7,571,34,89,17
Solapur,2017,8,403,29,64,7
Amravati,2019,9,353,26,82,10
Nashik,2019,6,938,32,66,14
Kolhapur,2018,9,707,31,68,6
Amravati,2021,9,824,34,67,13
Kolhapur,2022,6,442,34,51,17
Amravati,2017,9,971,27,76,17
Kolhapur,2015,7,441,33,85,15
Nagpur,2019,6,923,32,59,17
Aurangabad,2022,9,602,34,88,12
Akola,2021,9,394,34,74,10
Amravati,2018,7,740,34,66,6
Nashik,2020,8,989,24,82,18
Pune,2017,9,1081,25,73,10
Nashik,2020,8,260,24,81,10
Solapur,2017,8,453,34,69,5
Nashik,2015,7,260,34,82,18
Aurangabad,2015,6,466,31,78,15
Nashik,2015,7,869,33,81,13
Aurangabad,2017,6,592,29,86,14
Solapur,2018,8,657,29,58,14
Nagpur,2015,7,1041,31,70,7
Pune,2022,7,674,33,76,17
Akola,2016,8,1094,28,57,12
Aurangabad,2015,9,1015,29,71,14
Pune,2016,8,785,33,58,6
Nashik,2022,9,1065,23,60,15
Aurangabad,2015,7,671,33,72,17
Amravati,2020,7,851,27,84,11
Akola,2016,9,369,25,51,14
Akola,2018,7,314,26,84,6
Nashik,2017,8,807,24,58,14
Pune,2018,7,393,33,90,18
Kolhapur,2018,6,824,27,70,9
Kolhapur,2016,7,904,33,89,16
Nashik,2017,7,584,32,83,10
Kolhapur,2018,9,963,33,69,14
Pune,2021,7,727,23,65,6
Solapur,2018,9,708,25,88,6
Nagpur,2021,8,481,29,68,15
Nashik,2021,8,535,34,61,10
Amravati,2022,8,889,33,55,5
Nashik,2015,6,559,32,58,10
Pune,2020,9,799,27,60,12
Nashik,2016,8,998,33,90,16
Akola,2021,9,642,24,60,10
Kolhapur,2021,8,547,28,54,9
Kolhapur,2017,8,962,24,66,15
Pune,2017,9,359,23,90,17
Pune,2017,8,842,27,89,18
Nagpur,2016,7,429,25,63,17
Pune,2017,7,562,29,58,14
Aurangabad,2017,6,861,25,86,7
Kolhapur,2017,9,420,27,88,9
Nagpur,2022,7,987,27,67,10
Nashik,2018,9,925,29,57,9
Solapur,2022,9,301,33,60,16
Pune,2019,6,1027,23,87,13
Nashik,2022,8,356,24,85,6
Amravati,2020,8,869,31,85,8
Akola,2017,9,849,32,89,10
Nashik,2015,6,437,28,56,13
Amravati,2017,7,431,25,67,18
Amravati,2022,6,697,34,84,6
Nagpur,2019,8,824,23,66,15
Pune,2018,8,374,33,71,12
Amravati,2019,7,254,34,77,8
Nashik,2021,8,984,24,52,17
Aurangabad,2015,6,926,25,64,16
Nashik,2020,8,1020,23,51,13
Solapur,2016,9,878,32,54,9
Nagpur,2019,8,504,24,66,11
Aurangabad,2015,7,655,30,69,13
Kolhapur,2015,7,1074,32,58,9
Nagpur,2019,6,688,30,56,17
Kolhapur,2015,7,422,27,84,7
Akola,2015,6,300,32,85,15
Kolhapur,2022,9,899,25,58,15
Akola,2020,6,847,33,59,9
Nagpur,2018,8,885,25,77,10
Pune,2016,6,729,26,77,10
Nashik,2018,9,718,29,69,9
Akola,2019,8,899,24,53,9
Amravati,2016,9,628,33,58,9
Amravati,2015,8,772,30,59,17
Kolhapur,2015,7,732,31,80,7
Nagpur,2022,7,335,24,90,10
Akola,2018,6,604,23,76,7
Kolhapur,2017,8,749,27,89,13
Akola,2019,7,414,27,84,13
Nashik,2021,8,626,24,75,11
Nagpur,2021,9,705,34,50,16
Nagpur,2018,8,643,30,62,9
Solapur,2022,8,776,25,64,12
Pune,2017,6,1026,32,75,9
Nagpur,2018,6,711,23,81,18
Kolhapur,2018,9,812,30,90,15
Kolhapur,2019,7,901,26,75,8
Aurangabad,2015,8,253,32,71,18
Nagpur,2020,7,508,26,89,6
Kolhapur,2019,9,1021,28,84,8
Kolhapur,2021,8,593,28,58,16
Akola,2018,8,276,26,78,18
Nagpur,2016,8,553,28,66,13
Amravati,2016,8,1095,23,74,17
Aurangabad,2018,8,359,30,58,9
Solapur,2018,7,385,27,50,17
Akola,2020,8,799,33,80,5
Nagpur,2015,6,662,34,77,6
Amravati,2022,6,272,34,51,9
Nashik,2017,9,740,31,51,13
Akola,2017,7,1059,28,73,14
Aurangabad,2016,8,728,31,53,13
Aurangabad,2017,9,827,29,50,18
Nashik,2018,9,796,23,62,7
Kolhapur,2019,6,739,26,65,7
Amravati,2019,9,488,31,69,10
Nashik,2022,9,977,29,70,8
Amravati,2020,7,962,25,56,5
Aurangabad,2017,9,288,24,55,10
Nashik,2018,6,953,34,55,14
Nashik,2017,7,399,30,55,6
Pune,2019,7,817,33,51,9
Nagpur,2016,8,853,31,67,7
Solapur,2021,8,284,32,56,11
Aurangabad,2017,8,705,30,56,18
Aurangabad,2022,9,972,24,66,12
Nashik,2018,7,604,29,86,18
Nagpur,2019,7,365,31,71,9
Kolhapur,2022,8,550,30,83,17
Solapur,2018,7,1071,23,53,12
Pune,2015,7,754,29,55,5
Nagpur,2022,7,436,31,68,15
Kolhapur,2019,9,422,23,75,15
Solapur,2020,6,1042,30,74,5
Amravati,2017,6,343,30,60,16
Nagpur,2021,7,712,27,81,5
Nashik,2022,6,972,25,85,15
Kolhapur,2017,8,899,34,57,12
Pune,2019,6,776,30,71,11
Amravati,2017,6,733,27,60,16
Amravati,2017,9,948,23,66,6
Nagpur,2017,9,789,25,62,7
Amravati,2019,7,837,25,73,9
Nashik,2022,7,783,23,70,11
Amravati,2016,8,287,32,60,17
Nagpur,2017,8,538,23,64,12
Pune,2022,8,1065,28,77,15
Amravati,2015,9,369,25,54,5
Akola,2019,9,405,28,70,16
Aurangabad,2016,6,255,25,52,7
Nashik,2018,7,858,30,77,14
Solapur,2016,9,316,25,67,17
Amravati,2017,9,943,26,87,16
Kolhapur,2018,7,591,33,74,17
Amravati,2022,7,754,26,67,6
Kolhapur,2015,8,516,27,58,11
Kolhapur,2021,8,936,26,88,5
Aurangabad,2021,7,723,23,57,16
Amravati,2015,6,891,29,74,9
Pune,2022,9,934,25,66,17
Pune,2020,6,521,27,56,9
Nashik,2015,8,326,32,61,14
Nagpur,2020,7,403,24,68,14
Akola,2020,8,844,32,90,6
Kolhapur,2018,7,310,24,88,14
Pune,2016,7,587,29,74,16
Nashik,2022,8,406,25,81,14
Amravati,2021,6,702,34,57,17
Akola,2015,6,786,23,63,5
Pune,2020,7,877,34,61,13
Amravati,2021,9,992,28,55,10
Solapur,2017,7,493,28,52,11
Nagpur,2016,7,603,25,75,8
Aurangabad,2020,7,735,33,72,12
Solapur,2021,9,623,23,90,17
Nashik,2021,7,1032,29,74,10
Nagpur,2022,8,675,23,83,12
Kolhapur,2020,6,620,27,57,14
Kolhapur,2015,8,971,27,86,6
Aurangabad,2021,7,343,25,61,6
Nagpur,2016,8,529,28,71,6
Pune,2016,6,1035,29,65,9
Pune,2021,7,573,25,76,9
Kolhapur,2021,7,1004,30,67,10
Nashik,2020,7,707,31,69,12
Amravati,2018,7,268,32,76,9
Nagpur,2020,6,880,25,86,15
Pune,2018,7,378,29,86,11
Akola,2016,7,1077,23,64,14
Akola,2020,8,450,24,84,16
Akola,2017,8,955,30,51,18
Nashik,2015,6,603,25,55,10
Solapur,2016,8,379,30,69,12
Solapur,2019,9,563,34,52,11
Aurangabad,2022,8,533,23,72,18
Amravati,2017,7,635,30,72,7
Aurangabad,2017,6,373,29,80,11
Pune,2015,9,984,34,73,10
Solapur,2016,7,509,31,70,15
Akola,2016,7,466,28,82,13
Nashik,2021,6,505,31,84,5
Solapur,2017,6,301,30,69,10
Kolhapur,2020,7,795,23,70,13
Aurangabad,2017,7,672,32,77,5
Pune,2017,9,254,25,82,8
Nagpur,2015,7,417,25,65,17
Pune,2020,6,548,26,65,9
Aurangabad,2018,7,548,33,73,14
Solapur,2021,6,1015,28,70,17
Nashik,2021,7,358,23,85,11
Nagpur,2020,6,299,23,88,7
Akola,2020,7,315,29,89,5
Kolhapur,2020,7,820,32,61,16
Akola,2018,7,1085,29,90,6
Nagpur,2018,6,289,34,57,6
Kolhapur,2021,8,612,30,61,16
Nagpur,2020,6,683,23,55,18
Pune,2015,9,652,27,87,12
Solapur,2021,9,917,26,84,12
Amravati,2017,8,681,23,86,7
Solapur,2018,9,397,34,70,17
Solapur,2021,9,324,26,65,12
Nagpur,2021,9,839,34,72,18
Nashik,2019,8,282,30,51,6
Kolhapur,2015,9,920,34,58,5
Nashik,2015,7,527,33,89,15
Aurangabad,2021,6,637,30,67,16
Amravati,2016,6,650,32,73,7
Solapur,2022,6,928,32,79,7
Nagpur,2016,8,531,24,76,13
Pune,2015,6,873,23,64,8
Aurangabad,2019,9,267,27,68,17
Aurangabad,2020,8,305,30,83,15
Kolhapur,2021,8,1095,31,71,17
Nagpur,2017,6,947,23,77,15
Nashik,2020,9,1006,32,81,8
Pune,2022,6,1081,31,80,8
Nashik,2020,6,868,34,55,14
Nagpur,2022,6,737,24,85,9
Akola,2022,6,804,29,68,7
Solapur,2015,9,568,30,56,18
Akola,2022,6,1063,24,69,17
Nagpur,2022,8,556,27,71,7
Solapur,2022,8,1062,31,63,16
Nashik,2022,6,767,34,87,7
Nashik,2020,7,673,34,76,15
Pune,2022,9,827,32,62,14
Akola,2019,6,832,27,52,5
Amravati,2018,6,321,29,86,5
Aurangabad,2018,6,465,33,78,17
Nashik,2019,6,296,32,86,15
Nashik,2015,7,854,24,56,8
Amravati,2017,7,359,27,50,9
Amravati,2020,6,262,26,69,13
Kolhapur,2018,6,573,31,64,5
Pune,2015,6,387,30,53,16
Amravati,2018,6,763,24,67,14
Nagpur,2018,6,579,29,66,13
Aurangabad,2022,6,424,27,69,10
Nashik,2018,9,888,27,55,10
Solapur,2018,7,845,23,70,16
Aurangabad,2015,9,988,24,56,6
Amravati,2018,8,791,32,59,17
Amravati,2018,7,796,26,53,12
Aurangabad,2015,9,1031,23,78,14
Akola,2020,8,732,28,50,12
Akola,2018,6,765,32,50,8
Kolhapur,2021,6,267,24,77,5
Amravati,2019,7,435,26,61,9
Aurangabad,2021,8,598,27,88,18
Aurangabad,2022,7,610,25,88,10
Akola,2017,7,345,30,60,11
Nashik,2022,7,254,34,60,11
Nashik,2018,8,800,32,53,8
Aurangabad,2016,8,505,30,59,15
Pune,2022,8,457,27,53,12
Nagpur,2020,6,495,30,74,13
Amravati,2021,7,308,30,80,14
Aurangabad,2022,6,349,23,55,14
Nagpur,2020,6,677,31,74,17
Aurangabad,2020,7,915,34,67,14
Amravati,2019,8,736,30,79,12
Kolhapur,2020,9,767,32,90,6
Pune,2020,9,305,24,87,15
Nagpur,2016,6,464,28,67,14
Aurangabad,2018,9,694,31,67,7
Nagpur,2017,7,542,32,75,8
Aurangabad,2015,7,424,26,82,18
Nashik,2018,8,315,23,64,17
Nagpur,2016,9,1038,34,51,16
Amravati,2022,9,323,30,75,14
Solapur,2017,8,950,26,57,12
Nagpur,2017,6,474,26,85,18
Amravati,2018,9,458,25,82,9
Nashik,2021,6,563,27,81,15
Akola,2019,8,934,27,89,10
Solapur,2021,8,571,27,72,12
Aurangabad,2021,8,579,25,68,18
Kolhapur,2015,6,1060,24,68,16
Akola,2022,7,441,26,72,8
Pune,2018,8,472,31,50,15
Aurangabad,2022,8,985,32,50,7
Nashik,2018,7,695,26,75,18
Nagpur,2017,7,747,30,79,11
Pune,2019,9,631,32,69,16
Aurangabad,2016,9,264,27,86,9
Aurangabad,2018,8,305,30,87,12
Aurangabad,2022,9,526,32,67,12
Pune,2022,8,806,33,54,7
Nashik,2020,8,556,27,86,14
Amravati,2016,9,271,27,72,14
Akola,2018,8,483,27,56,8
Akola,2017,9,785,34,70,9
Akola,2015,9,739,34,72,15
Akola,2021,7,279,28,83,13
Aurangabad,2018,8,290,31,67,15
Solapur,2018,6,960,24,64,17
Nashik,2021,7,361,31,57,17
Aurangabad,2021,8,366,28,70,10
Aurangabad,2015,8,682,24,62,11
Pune,2019,7,773,28,72,11
Kolhapur,2015,7,458,29,78,5
Nashik,2015,7,958,33,52,6
Nagpur,2022,7,866,28,71,11
Akola,2020,7,1036,34,53,15
Pune,2015,9,626,26,69,11
Solapur,2016,8,659,23,53,11
Kolhapur,2016,8,724,27,58,12
Solapur,2022,8,764,24,74,10
Solapur,2022,7,527,24,65,18
Kolhapur,2016,6,591,23,55,9
Akola,2018,9,352,34,58,18
Amravati,2018,9,875,31,82,14
Nashik,2018,7,610,32,76,16
Akola,2015,8,445,23,60,15
Solapur,2020,6,454,29,83,10
Nagpur,2019,8,366,30,80,5
Solapur,2021,9,596,23,85,9
Akola,2015,9,847,31,67,8
Pune,2022,7,570,24,89,14
Nashik,2017,6,825,27,62,11
Solapur,2015,9,495,27,74,16
Kolhapur,2017,8,303,34,75,10
Amravati,2018,9,388,26,72,11
Solapur,2019,7,995,34,56,17
Aurangabad,2017,6,695,32,59,17
Nashik,2015,6,611,31,83,7
Nagpur,2016,9,683,26,78,7
Nagpur,2017,6,590,32,78,6
Amravati,2016,7,483,30,76,9
Kolhapur,2017,9,702,24,50,7
Amravati,2019,7,527,27,88,11
Pune,2017,8,799,25,70,10
Solapur,2020,7,1099,31,87,5
Aurangabad,2022,6,504,27,78,12
Akola,2019,9,319,33,78,16
Pune,2019,9,630,30,63,12
Akola,2018,6,425,26,66,15
Kolhapur,2015,6,1028,34,67,5
Akola,2017,7,1046,27,90,14
Pune,2015,8,624,28,59,12
Amravati,2017,6,799,25,82,10
Akola,2021,6,1093,30,84,12
Solapur,2022,6,468,33,56,17
Akola,2022,8,597,24,57,6
Solapur,2019,6,923,31,90,12
Aurangabad,2020,9,334,23,77,13
Nagpur,2022,8,923,29,53,10
Amravati,2019,8,834,33,62,10
Amravati,2021,6,1082,33,56,8
Pune,2015,8,370,33,76,8
Akola,2017,7,365,26,77,17
Akola,2022,6,302,32,51,13
Pune,2019,6,398,30,84,14
Kolhapur,2021,7,976,25,80,15
Nashik,2015,9,533,24,58,9
Akola,2016,7,871,29,67,15
Nashik,2016,6,660,26,76,8
Akola,2021,6,516,28,64,12
Kolhapur,2020,8,844,25,61,10
Nashik,2017,7,801,31,73,7
Nashik,2019,6,757,29,66,6
Nagpur,2019,6,342,34,50,8
Nashik,2019,9,375,33,75,12
Amravati,2015,7,771,26,69,10
Pune,2018,7,709,30,84,16
Pune,2022,9,364,29,75,15
Aurangabad,2020,9,383,29,74,8
Aurangabad,2021,6,805,27,60,17
Pune,2015,8,288,23,64,5
Nashik,2017,9,748,33,61,6
Pune,2019,8,709,33,53,15
Akola,2019,8,1002,25,76,17
Nashik,2022,8,1088,26,81,5
Pune,2020,8,755,24,74,11
Kolhapur,2020,8,638,34,87,8
Amravati,2021,6,1006,30,60,16
Amravati,2021,7,428,25,56,8
Kolhapur,2016,7,538,27,80,12
Solapur,2020,6,302,30,83,17
Akola,2019,9,388,32,52,16
Akola,2019,6,1081,24,66,16
Amravati,2016,7,464,28,56,5
Akola,2015,7,313,32,76,11
Solapur,2018,6,848,26,81,15
Kolhapur,2021,6,344,34,72,18
Aurangabad,2021,6,634,26,59,18
Nagpur,2022,8,351,26,60,9
Nagpur,2016,7,412,34,71,16
Kolhapur,2021,9,546,29,80,8
Pune,2018,9,884,33,72,14
Nagpur,2015,9,717,31,81,6
Aurangabad,2020,9,1024,23,57,12
Akola,2022,8,678,31,84,5
Pune,2016,7,711,32,87,10
Kolhapur,2021,8,434,25,58,18
Nashik,2015,8,981,29,51,11
Nagpur,2020,9,267,27,80,18
Akola,2020,8,345,32,77,5
Aurangabad,2019,9,636,33,74,6
Nagpur,2016,6,287,33,68,11
Pune,2016,8,692,25,76,10
Akola,2019,6,341,33,60,7
Kolhapur,2018,6,384,29,51,7
Amravati,2021,9,673,25,54,11
Solapur,2018,9,317,31,53,7
Aurangabad,2022,7,454,34,59,15
Nashik,2021,7,635,32,55,13
Nagpur,2018,8,770,34,53,8
Akola,2015,6,594,33,90,13
Akola,2015,7,756,30,55,6
Amravati,2019,9,290,29,74,17
Pune,2020,6,985,29,80,18
Akola,2016,8,431,31,62,11
Nashik,2017,7,930,27,51,14
Aurangabad,2017,7,796,26,65,11
Pune,2019,7,523,31,73,8
Kolhapur,2018,6,979,30,88,16
Aurangabad,2017,6,1074,27,89,6
Nashik,2016,8,653,33,73,14
Pune,2018,8,599,23,75,17
Akola,2021,6,648,32,77,6
Nagpur,2016,6,356,33,79,12
Amravati,2015,6,1026,29,53,6
Akola,2017,7,753,31,77,18
Aurangabad,2019,8,302,25,54,5
Nashik,2021,9,524,32,74,13
Aurangabad,2016,7,393,33,70,16
Nashik,2018,6,830,31,75,5
Solapur,2019,7,496,27,71,17
Nagpur,2019,9,295,30,80,5
Kolhapur,2017,7,786,29,79,18
Amravati,2022,9,682,29,62,13
Kolhapur,2020,6,695,29,88,11
Pune,2022,7,338,34,90,5
Pune,2021,9,958,31,56,13
Kolhapur,2021,8,760,32,53,11
Pune,2020,6,644,32,87,5
Nashik,2015,9,1031,26,78,8
Aurangabad,2018,9,845,25,51,14
Aurangabad,2018,6,349,33,54,17
Solapur,2016,8,494,27,77,16
Solapur,2022,8,332,34,75,8
Akola,2022,6,456,28,85,9
Aurangabad,2017,6,654,34,86,11
Kolhapur,2021,7,491,32,77,13
Akola,2016,8,1029,29,76,18
Kolhapur,2016,6,329,23,65,13
Akola,2017,8,836,29,66,13
Solapur,2018,8,1061,24,65,6
Solapur,2022,9,596,26,77,18
Akola,2020,6,648,34,64,14
Solapur,2018,8,876,32,63,17
Akola,2021,6,1059,25,73,17
Nagpur,2021,6,792,31,87,7
Akola,2020,7,251,31,78,9
Nashik,2017,7,323,29,87,10
Amravati,2021,7,903,23,76,12
Kolhapur,2019,8,419,25,82,11
Kolhapur,2018,8,625,25,87,11
Pune,2016,6,362,23,81,16
Aurangabad,2022,6,935,32,53,6
Nagpur,2015,9,957,23,51,5
Nagpur,2019,6,1047,24,84,15
